{
	"feature": "bro:forest/placer_two",
	"placement": [
		{
			"type": "minecraft:count",
			"count": {
				"type": "minecraft:weighted_list",
				"distribution": [
					{
						"weight": 5,
						"data": 4
					},
					{
						"weight": 5,
						"data": 6
					}
				]
			}
		},
		{
			"type": "minecraft:in_square"
		},
		{
			"type": "heightmap",
			"heightmap": "WORLD_SURFACE"
		},
		{
			"type": "minecraft:block_predicate_filter",
			"predicate": {
				"type": "minecraft:matching_blocks",
				"offset": [
					0,
					-1,
					0
				],
				"blocks": [
					"minecraft:grass_block",
					"minecraft:coarse_dirt"
				]
			}
		},
		{
			"type": "minecraft:biome"
		}
	]
}
