{
  "type": "minecraft:cave",
  "config": {
    "probability": 0.1,
    "y": {
      "type": "minecraft:biased_to_bottom",
      "min_inclusive": {
        "absolute": -60
      },
      "max_inclusive": {
        "absolute": 30
      },
      "inner": 8
    },
    "yScale": 0.5,
    "lava_level": {
      "above_bottom": 10
    },
    "replaceable": "#minecraft:overworld_carver_replaceables",
    "horizontal_radius_multiplier": 1,
    "vertical_radius_multiplier": 1,
    "floor_level": -0.7
  }
}
