{
    "feature": "bro:cave/beeg_root",
    "placement": [
      {
        "type": "minecraft:count",
        "count": {
          "type": "minecraft:uniform",
          "min_inclusive": 70,
          "max_inclusive": 80
        }
      },
      {
        "type": "minecraft:in_square"
      },
      {
        "type": "minecraft:height_range",
        "height": {
          "type": "minecraft:uniform",
          "min_inclusive": {
            "above_bottom": 0
          },
          "max_inclusive": {
            "absolute": 128
          }
        }
      },
      {
        "type": "minecraft:biome"
      }
    ]
  }
  