{
    "feature": "minecraft:patch_crimson_roots",
    "placement": [
        {
            "type": "minecraft:count_on_every_layer",
            "count": 3
        },
        {
            "type": "minecraft:in_square"
        },
        {
            "type": "minecraft:block_predicate_filter",
            "predicate": {
                "type": "minecraft:matching_blocks",
                "offset": [
                    0,
                    -1,
                    0
                ],
                "blocks": [
                    "minecraft:crimson_nylium",
                    "minecraft:nether_wart_block",
                    "minecraft:netherrack"
                ]
            }
        },
        {
            "type": "minecraft:biome"
        }
    ]
}
