{
    "feature": "bro:mountain/basalt_placer",
    "placement": [
        {
            "type": "minecraft:count",
            "count": {
                "type": "minecraft:weighted_list",
                "distribution": [
                    {
                        "weight": 50,
                        "data": 3
                    },
                    {
                        "weight": 50,
                        "data": 4
                    }
                ]
            }
        },
        {
            "type": "minecraft:in_square"
        },
        {
            "type": "heightmap",
            "heightmap": "WORLD_SURFACE_WG"
        },
        {
            "type": "minecraft:block_predicate_filter",
            "predicate": {
                "type": "minecraft:matching_blocks",
                "offset": [
                    0,
                    -1,
                    0
                ],
                "blocks": [
                    "minecraft:basalt"
                ]
            }
        },
        {
            "type": "minecraft:biome"
        }
    ]
}
