{
  "feature": "bro:forest/hills/maybe_idk",
  "placement": [
    {
      "type": "minecraft:count",
      "count": {
        "type": "minecraft:weighted_list",
        "distribution": [
          {
            "weight": 100,
            "data": 1
          },
          {
            "weight": 0,
            "data": 2
          }
        ]
      }
    },
    {
      "type": "minecraft:in_square"
    },
    {
      "type": "minecraft:noise_based_count",
      "noise_to_count_ratio": 1,
      "noise_factor": 807,
      "noise_offset": -0.05
    },
    {
      "type": "minecraft:noise_based_count",
      "noise_to_count_ratio": 1,
      "noise_factor": 457,
      "noise_offset": -0.05
    }
  ]
}
