{
  "argument": {
    "argument": {
      "argument1": 0.0,
      "argument2": {
        "argument1": {
          "type": "minecraft:blend_alpha"
        },
        "argument2": {
          "argument1": -0.0,
          "argument2": {
            "spline": {"coordinate":"minecraft:overworld/continents","points":[{"location":-1.2,"derivative":0,"value":{"coordinate":"minecraft:overworld/erosion","points":[{"location":-1,"derivative":0,"value":{"coordinate":"minecraft:overworld/ridges","points":[{"location":-0.004123544631306708,"value":1.3749101624263331,"derivative":0},{"location":0.004123544631306708,"value":1.3749101624263331,"derivative":0}]}},{"location":-0.78,"derivative":0,"value":{"coordinate":"minecraft:overworld/ridges","points":[{"location":-0.004123544631306708,"value":1.3749101624263331,"derivative":0},{"location":0.004123544631306708,"value":1.3749101624263331,"derivative":0}]}},{"location":-0.5775,"derivative":0,"value":{"coordinate":"minecraft:overworld/ridges","points":[{"location":-0.004123544631306708,"value":1.3749101624263331,"derivative":0},{"location":0.004123544631306708,"value":1.3749101624263331,"derivative":0}]}},{"location":-0.375,"derivative":0,"value":{"coordinate":"minecraft:overworld/ridges","points":[{"location":-0.004123544631306708,"value":1.3749101624263331,"derivative":0},{"location":0.004123544631306708,"value":1.3749101624263331,"derivative":0}]}}]}},{"location":-1.06,"derivative":0,"value":{"coordinate":"minecraft:overworld/erosion","points":[{"location":-1,"derivative":0,"value":{"coordinate":"minecraft:overworld/ridges","points":[{"location":-0.004123544631306708,"value":1.3749101624263331,"derivative":0},{"location":0.004123544631306708,"value":1.3749101624263331,"derivative":0}]}},{"location":-0.78,"derivative":0,"value":{"coordinate":"minecraft:overworld/ridges","points":[{"location":-0.004123544631306708,"value":1.3749101624263331,"derivative":0},{"location":0.004123544631306708,"value":1.3749101624263331,"derivative":0}]}},{"location":-0.5775,"derivative":0,"value":{"coordinate":"minecraft:overworld/ridges","points":[{"location":-0.004123544631306708,"value":1.3749101624263331,"derivative":0},{"location":0.004123544631306708,"value":1.3749101624263331,"derivative":0}]}},{"location":-0.375,"derivative":0,"value":{"coordinate":"minecraft:overworld/ridges","points":[{"location":-0.004123544631306708,"value":1.3749101624263331,"derivative":0},{"location":0.004123544631306708,"value":1.3749101624263331,"derivative":0}]}}]}},{"location":-1.05,"derivative":0,"value":{"coordinate":"minecraft:overworld/erosion","points":[{"location":-1,"derivative":0,"value":{"coordinate":"minecraft:overworld/ridges","points":[{"location":0,"value":0,"derivative":0}]}},{"location":-0.78,"derivative":0,"value":{"coordinate":"minecraft:overworld/ridges","points":[{"location":0,"value":0,"derivative":0}]}},{"location":-0.5775,"derivative":0,"value":{"coordinate":"minecraft:overworld/ridges","points":[{"location":0,"value":0,"derivative":0}]}},{"location":-0.375,"derivative":0,"value":{"coordinate":"minecraft:overworld/ridges","points":[{"location":0,"value":0,"derivative":0}]}}]}},{"location":-0.21,"derivative":0,"value":{"coordinate":"minecraft:overworld/erosion","points":[{"location":-1,"derivative":0,"value":{"coordinate":"minecraft:overworld/ridges","points":[{"location":0,"value":0,"derivative":0}]}},{"location":-0.78,"derivative":0,"value":{"coordinate":"minecraft:overworld/ridges","points":[{"location":0,"value":0,"derivative":0}]}},{"location":-0.5775,"derivative":0,"value":{"coordinate":"minecraft:overworld/ridges","points":[{"location":0,"value":0,"derivative":0}]}},{"location":-0.375,"derivative":0,"value":{"coordinate":"minecraft:overworld/ridges","points":[{"location":0,"value":0,"derivative":0}]}}]}},{"location":0.03,"derivative":0,"value":{"coordinate":"minecraft:overworld/erosion","points":[{"location":-1,"derivative":0,"value":{"coordinate":"minecraft:overworld/ridges","points":[{"location":-0.9333333766666666,"value":0,"derivative":0},{"location":-0.8500000533333333,"value":0,"derivative":0},{"location":-0.6666667,"value":1.37710970464135,"derivative":0},{"location":-0.4833333466666666,"value":0,"derivative":0},{"location":-0.4000000233333333,"value":0,"derivative":0},{"location":0.4000000233333333,"value":0,"derivative":0},{"location":0.4833333466666666,"value":0,"derivative":0},{"location":0.6666667,"value":1.37710970464135,"derivative":0},{"location":0.8500000533333333,"value":0,"derivative":0},{"location":0.9333333766666666,"value":0,"derivative":0}]}},{"location":-0.78,"derivative":0,"value":{"coordinate":"minecraft:overworld/ridges","points":[{"location":-0.9333333766666666,"value":0,"derivative":0},{"location":-0.8500000533333333,"value":0,"derivative":0},{"location":-0.6666667,"value":1.009810263044416,"derivative":0},{"location":-0.4833333466666666,"value":0,"derivative":0},{"location":-0.4000000233333333,"value":0,"derivative":0},{"location":0.4000000233333333,"value":0,"derivative":0},{"location":0.4833333466666666,"value":0,"derivative":0},{"location":0.6666667,"value":1.009810263044416,"derivative":0},{"location":0.8500000533333333,"value":0,"derivative":0},{"location":0.9333333766666666,"value":0,"derivative":0}]}},{"location":-0.5775,"derivative":0,"value":{"coordinate":"minecraft:overworld/ridges","points":[{"location":-0.9333333766666666,"value":0,"derivative":0},{"location":-0.8500000533333333,"value":0,"derivative":0},{"location":-0.6666667,"value":0.825822912174788,"derivative":0},{"location":-0.4833333466666666,"value":0,"derivative":0},{"location":-0.4000000233333333,"value":0,"derivative":0},{"location":0.4000000233333333,"value":0,"derivative":0},{"location":0.4833333466666666,"value":0,"derivative":0},{"location":0.6666667,"value":0.825822912174788,"derivative":0},{"location":0.8500000533333333,"value":0,"derivative":0},{"location":0.9333333766666666,"value":0,"derivative":0}]}},{"location":-0.375,"derivative":0,"value":{"coordinate":"minecraft:overworld/ridges","points":[{"location":0,"value":0,"derivative":0}]}}]}},{"location":0.65,"derivative":0,"value":{"coordinate":"minecraft:overworld/erosion","points":[{"location":-1,"derivative":0,"value":{"coordinate":"minecraft:overworld/ridges","points":[{"location":-0.9333333766666666,"value":0,"derivative":0},{"location":-0.8500000533333333,"value":0,"derivative":0},{"location":-0.6666667,"value":1.905942334739803,"derivative":0},{"location":-0.4833333466666666,"value":0,"derivative":0},{"location":-0.4000000233333333,"value":0,"derivative":0},{"location":0.4000000233333333,"value":0,"derivative":0},{"location":0.4833333466666666,"value":0,"derivative":0},{"location":0.6666667,"value":1.905942334739803,"derivative":0},{"location":0.8500000533333333,"value":0,"derivative":0},{"location":0.9333333766666666,"value":0,"derivative":0}]}},{"location":-0.78,"derivative":0,"value":{"coordinate":"minecraft:overworld/ridges","points":[{"location":-0.9333333766666666,"value":0,"derivative":0},{"location":-0.8500000533333333,"value":0,"derivative":0},{"location":-0.6666667,"value":1.37710970464135,"derivative":0},{"location":-0.4833333466666666,"value":0,"derivative":0},{"location":-0.4000000233333333,"value":0,"derivative":0},{"location":0.4000000233333333,"value":0,"derivative":0},{"location":0.4833333466666666,"value":0,"derivative":0},{"location":0.6666667,"value":1.37710970464135,"derivative":0},{"location":0.8500000533333333,"value":0,"derivative":0},{"location":0.9333333766666666,"value":0,"derivative":0}]}},{"location":-0.5775,"derivative":0,"value":{"coordinate":"minecraft:overworld/ridges","points":[{"location":-0.9333333766666666,"value":0,"derivative":0},{"location":-0.8500000533333333,"value":0,"derivative":0},{"location":-0.6666667,"value":1.0241842748311054,"derivative":0},{"location":-0.4833333466666666,"value":0,"derivative":0},{"location":-0.4000000233333333,"value":0,"derivative":0},{"location":0.4000000233333333,"value":0,"derivative":0},{"location":0.4833333466666666,"value":0,"derivative":0},{"location":0.6666667,"value":1.0241842748311054,"derivative":0},{"location":0.8500000533333333,"value":0,"derivative":0},{"location":0.9333333766666666,"value":0,"derivative":0}]}},{"location":-0.375,"derivative":0,"value":{"coordinate":"minecraft:overworld/ridges","points":[{"location":0,"value":0,"derivative":0}]}}]}}]},
            "type": "minecraft:spline"
          },
          "type": "minecraft:add"
        },
        "type": "minecraft:mul"
      },
      "type": "minecraft:add"
    },
    "type": "minecraft:cache_2d"
  },
  "type": "minecraft:flat_cache"
}