{
  "temperature": 0.7,
  "downfall": 0.5,
  "has_precipitation": true,
  "temperature_modifier": "none",
  "effects": {
    "sky_color": 1916458,
    "fog_color": 3954753,
    "water_color": 3371969,
    "water_fog_color": 1593719,
    "grass_color": 11790700,
    "foliage_color": 11790700,
    "ambient_sound": "minecraft:ambient.warped_forest.loop",
    "mood_sound": {
      "sound": "minecraft:ambient.warped_forest.mood",
      "tick_delay": 6000,
      "block_search_extent": 8,
      "offset": 2
    },
    "additions_sound": {
      "sound": "minecraft:ambient.warped_forest.additions",
      "tick_chance": 0.0111
    },
    "particle": {
      "options": {
        "type": "minecraft:spore_blossom_air"
      },
      "probability": 0.115
    }
  },
  "spawners": {
    "creature": [
      {
        "type": "minecraft:rabbit",
        "weight": 3,
        "minCount": 2,
        "maxCount": 5
      },
      {
        "type": "minecraft:fox",
        "weight": 2,
        "minCount": 1,
        "maxCount": 4
      },
      {
        "type": "minecraft:chicken",
        "weight": 6,
        "minCount": 3,
        "maxCount": 4
      },
      {
        "type": "minecraft:pig",
        "weight": 10,
        "minCount": 2,
        "maxCount": 3
      },
      {
        "type": "minecraft:llama",
        "weight": 5,
        "minCount": 1,
        "maxCount": 4
      },
      {
        "type": "minecraft:sheep",
        "weight": 8,
        "minCount": 2,
        "maxCount": 3
      }
    ],
    "monster": [
      {
        "type": "minecraft:spider",
        "weight": 12,
        "minCount": 2,
        "maxCount": 3
      },
      {
        "type": "minecraft:creeper",
        "weight": 2,
        "minCount": 1,
        "maxCount": 1
      },
      {
        "type": "minecraft:stray",
        "weight": 30,
        "minCount": 1,
        "maxCount": 2
      },
      {
        "type": "minecraft:zombie",
        "weight": 16,
        "minCount": 1,
        "maxCount": 3
      }
    ],
    "ambient": [],
    "underground_water_creature": [],
    "water_creature": [],
    "water_ambient": [],
    "misc": []
  },
  "spawn_costs": {},
  "carvers": {
    "air": [
      "minecraft:cave",
      "minecraft:cave_extra_underground",
      "minecraft:canyon"
    ]
  },
  "features": [
    [
      "bro:cave/jungle_locator"
    ],
    [
      "minecraft:monster_room",
      "minecraft:monster_room_deep",
      "bro:cave/jungle_delta",
      "bro:cave/beeg_root"
    ],
    [
      "bro:cave/replace_lava",
      "bro:cave/jungle_trees"
    ],
    [
      "bro:cave/jungle_vines",
      "bro:cave/replace_drip"
    ],
    [
      "minecraft:glow_lichen",
      "minecraft:patch_tall_grass_2"
    ],
    [
      "minecraft:ore_gravel",
      "minecraft:ore_granite_upper",
      "minecraft:ore_granite_lower",
      "minecraft:ore_diorite_upper",
      "minecraft:ore_diorite_lower",
      "minecraft:ore_andesite_upper",
      "minecraft:ore_andesite_lower",
      "minecraft:ore_tuff",
      "minecraft:ore_coal_upper",
      "minecraft:ore_coal_lower",
      "minecraft:ore_iron_upper",
      "minecraft:ore_iron_middle",
      "minecraft:ore_iron_small",
      "minecraft:ore_gold",
      "minecraft:ore_gold_lower",
      "minecraft:ore_redstone",
      "minecraft:ore_redstone_lower",
      "minecraft:ore_diamond",
      "minecraft:ore_diamond_large",
      "minecraft:ore_diamond_buried",
      "minecraft:ore_lapis",
      "minecraft:ore_lapis_buried",
      "minecraft:ore_copper",
      "minecraft:underwater_magma",
      "minecraft:disk_sand",
      "minecraft:disk_clay",
      "minecraft:disk_gravel"
    ],
    [],
    [],
    [
      "minecraft:spring_water"
    ],
    [
      "minecraft:freeze_top_layer"
    ]
  ]
}
