{
  "criteria": {
    "requirement": {
      "trigger": "minecraft:enter_block",
      "conditions": {
        "player": [
          {
            "condition": "minecraft:entity_properties",
            "entity": "this",
            "predicate": {
              "location": {
                "dimension": "bro:void"
              }
            }
          }
        ],
        "block": "minecraft:warped_door"
      }
    }
  },
  "rewards": {
    "function": "bro:teleport/lim_to_sat"
  }
}
