{
  "sea_level": 63,
  "disable_mob_generation": false,
  "aquifers_enabled": true,
  "ore_veins_enabled": true,
  "legacy_random_source": false,
  "default_block": {
    "Name": "minecraft:stone"
  },
  "default_fluid": {
    "Name": "minecraft:water",
    "Properties": {
      "level": "0"
    }
  },
  "noise": {
    "min_y": -64,
    "height": 384,
    "size_horizontal": 1,
    "size_vertical": 2
  },
  "noise_router": {
    "barrier": {
      "type": "minecraft:noise",
      "noise": "minecraft:aquifer_barrier",
      "xz_scale": 1,
      "y_scale": 0.5
    },
    "fluid_level_floodedness": {
      "type": "minecraft:noise",
      "noise": "minecraft:aquifer_fluid_level_floodedness",
      "xz_scale": 1,
      "y_scale": 0.67
    },
    "fluid_level_spread": {
      "type": "minecraft:noise",
      "noise": "minecraft:aquifer_fluid_level_spread",
      "xz_scale": 1,
      "y_scale": 0.7142857142857143
    },
    "lava": {
      "type": "minecraft:noise",
      "noise": "minecraft:aquifer_lava",
      "xz_scale": 1,
      "y_scale": 1
    },
    "temperature": {
      "type": "minecraft:shifted_noise",
      "noise": "minecraft:temperature",
      "xz_scale": 0.25,
      "y_scale": 0,
      "shift_x": "minecraft:shift_x",
      "shift_y": 0,
      "shift_z": "minecraft:shift_z"
    },
    "vegetation": {
      "type": "minecraft:shifted_noise",
      "noise": "minecraft:vegetation",
      "xz_scale": 0.25,
      "y_scale": 0,
      "shift_x": "minecraft:shift_x",
      "shift_y": 0,
      "shift_z": "minecraft:shift_z"
    },
    "continents": "minecraft:overworld/continents",
    "erosion": "minecraft:overworld/erosion",
    "depth": "bro:saturated/depth",
    "ridges": "minecraft:overworld/ridges",
    "initial_density_without_jaggedness": {
      "type": "minecraft:mul",
      "argument1": 4,
      "argument2": {
        "type": "minecraft:quarter_negative",
        "argument": {
          "type": "minecraft:mul",
          "argument1": "bro:saturated/depth",
          "argument2": {
            "type": "minecraft:cache_2d",
            "argument": "bro:saturated/factor"
          }
        }
      }
    },
    "final_density": {
      "type": "minecraft:min",
      "argument1": {
        "type": "minecraft:squeeze",
        "argument": {
          "type": "minecraft:mul",
          "argument1": 0.64,
          "argument2": {
            "type": "minecraft:interpolated",
            "argument": {
              "type": "minecraft:blend_density",
              "argument": {
                "type": "minecraft:add",
                "argument1": {
                  "type": "minecraft:mul",
                  "argument1": {
                    "type": "minecraft:y_clamped_gradient",
                    "from_y": -64,
                    "to_y": -40,
                    "from_value": 0,
                    "to_value": 1
                  },
                  "argument2": {
                    "type": "minecraft:add",
                    "argument1": {
                      "type": "minecraft:add",
                      "argument1": {
                        "type": "minecraft:mul",
                        "argument1": {
                          "type": "minecraft:y_clamped_gradient",
                          "from_y": 304,
                          "to_y": 320,
                          "from_value": 1,
                          "to_value": 0
                        },
                        "argument2": {
                          "type": "minecraft:add",
                          "argument1": {
                            "type": "minecraft:range_choice",
                            "input": "bro:saturated/sloped_cheese",
                            "min_inclusive": -1000000,
                            "max_exclusive": 1.5625,
                            "when_in_range": {
                              "type": "minecraft:min",
                              "argument1": "bro:saturated/sloped_cheese",
                              "argument2": {
                                "type": "minecraft:mul",
                                "argument1": 5,
                                "argument2": "minecraft:overworld/caves/entrances"
                              }
                            },
                            "when_out_of_range": {
                              "type": "minecraft:max",
                              "argument1": {
                                "type": "minecraft:min",
                                "argument1": {
                                  "type": "minecraft:min",
                                  "argument1": {
                                    "type": "minecraft:add",
                                    "argument1": {
                                      "type": "minecraft:mul",
                                      "argument1": 4,
                                      "argument2": {
                                        "type": "minecraft:square",
                                        "argument": {
                                          "type": "minecraft:noise",
                                          "noise": "minecraft:cave_layer",
                                          "xz_scale": 1,
                                          "y_scale": 8
                                        }
                                      }
                                    },
                                    "argument2": {
                                      "type": "minecraft:add",
                                      "argument1": {
                                        "type": "minecraft:clamp",
                                        "input": {
                                          "type": "minecraft:add",
                                          "argument1": 0.27,
                                          "argument2": {
                                            "type": "minecraft:noise",
                                            "noise": "minecraft:cave_cheese",
                                            "xz_scale": 1,
                                            "y_scale": 0.6666666666666666
                                          }
                                        },
                                        "min": -1,
                                        "max": 1
                                      },
                                      "argument2": {
                                        "type": "minecraft:clamp",
                                        "input": {
                                          "type": "minecraft:add",
                                          "argument1": 1.5,
                                          "argument2": {
                                            "type": "minecraft:mul",
                                            "argument1": -0.64,
                                            "argument2": "bro:saturated/sloped_cheese"
                                          }
                                        },
                                        "min": 0,
                                        "max": 0.5
                                      }
                                    }
                                  },
                                  "argument2": "minecraft:overworld/caves/entrances"
                                },
                                "argument2": {
                                  "type": "minecraft:add",
                                  "argument1": "minecraft:overworld/caves/spaghetti_2d",
                                  "argument2": "minecraft:overworld/caves/spaghetti_roughness_function"
                                }
                              },
                              "argument2": {
                                "type": "minecraft:range_choice",
                                "input": "minecraft:overworld/caves/pillars",
                                "min_inclusive": -1000000,
                                "max_exclusive": 0.03,
                                "when_in_range": -1000000,
                                "when_out_of_range": "minecraft:overworld/caves/pillars"
                              }
                            }
                          },
                          "argument2": 0.11715987
                        }
                      },
                      "argument2": -0.11715987
                    },
                    "argument2": -0.1171875
                  }
                },
                "argument2": 0.1171875
              }
            }
          }
        }
      },
      "argument2": "minecraft:overworld/caves/noodle"
    },
    "vein_toggle": {
      "type": "minecraft:interpolated",
      "argument": {
        "type": "minecraft:range_choice",
        "input": "minecraft:y",
        "min_inclusive": -60,
        "max_exclusive": 51,
        "when_in_range": {
          "type": "minecraft:noise",
          "noise": "minecraft:ore_veininess",
          "xz_scale": 1.5,
          "y_scale": 1.5
        },
        "when_out_of_range": 0
      }
    },
    "vein_ridged": {
      "type": "minecraft:add",
      "argument1": -0.07999999821186066,
      "argument2": {
        "type": "minecraft:max",
        "argument1": {
          "type": "minecraft:abs",
          "argument": {
            "type": "minecraft:interpolated",
            "argument": {
              "type": "minecraft:range_choice",
              "input": "minecraft:y",
              "min_inclusive": -60,
              "max_exclusive": 51,
              "when_in_range": {
                "type": "minecraft:noise",
                "noise": "minecraft:ore_vein_a",
                "xz_scale": 4,
                "y_scale": 4
              },
              "when_out_of_range": 0
            }
          }
        },
        "argument2": {
          "type": "minecraft:abs",
          "argument": {
            "type": "minecraft:interpolated",
            "argument": {
              "type": "minecraft:range_choice",
              "input": "minecraft:y",
              "min_inclusive": -60,
              "max_exclusive": 51,
              "when_in_range": {
                "type": "minecraft:noise",
                "noise": "minecraft:ore_vein_b",
                "xz_scale": 4,
                "y_scale": 4
              },
              "when_out_of_range": 0
            }
          }
        }
      }
    },
    "vein_gap": {
      "type": "minecraft:noise",
      "noise": "minecraft:ore_gap",
      "xz_scale": 1,
      "y_scale": 1
    }
  },
  "spawn_target": [
    {
      "temperature": [
        -1,
        1
      ],
      "humidity": [
        -1,
        1
      ],
      "continentalness": [
        -0.11,
        1
      ],
      "erosion": [
        -1,
        1
      ],
      "weirdness": [
        -1,
        -0.16
      ],
      "depth": 0,
      "offset": 0
    },
    {
      "temperature": [
        -1,
        1
      ],
      "humidity": [
        -1,
        1
      ],
      "continentalness": [
        -0.11,
        1
      ],
      "erosion": [
        -1,
        1
      ],
      "weirdness": [
        0.16,
        1
      ],
      "depth": 0,
      "offset": 0
    }
  ],
  "surface_rule": {
    "type": "minecraft:sequence",
    "sequence": [
      {
        "type": "minecraft:condition",
        "if_true": {
          "type": "minecraft:vertical_gradient",
          "random_name": "minecraft:bedrock_floor",
          "true_at_and_below": {
            "above_bottom": 0
          },
          "false_at_and_above": {
            "above_bottom": 5
          }
        },
        "then_run": {
          "type": "minecraft:block",
          "result_state": {
            "Name": "minecraft:bedrock"
          }
        }
      },
      {
        "type": "minecraft:condition",
        "if_true": {
          "type": "minecraft:biome",
          "biome_is": [
            "bro:saturated/cave/empty"
          ]
        },
        "then_run": {
          "type": "minecraft:sequence",
          "sequence": [
            {
              "type": "minecraft:condition",
              "if_true": {
                "type": "minecraft:noise_threshold",
                "noise": "minecraft:calcite",
                "min_threshold": -0.0015,
                "max_threshold": 0.0015
              },
              "then_run": {
                "type": "minecraft:condition",
                "if_true": {
                  "type": "minecraft:stone_depth",
                  "offset": 0,
                  "surface_type": "ceiling",
                  "add_surface_depth": false,
                  "secondary_depth_range": 0
                },
                "then_run": {
                  "type": "minecraft:block",
                  "result_state": {
                    "Name": "minecraft:air"
                  }
                }
              }
            },
            {
              "type": "minecraft:condition",
              "if_true": {
                "type": "minecraft:noise_threshold",
                "noise": "minecraft:calcite",
                "min_threshold": -0.0025,
                "max_threshold": 0.0025
              },
              "then_run": {
                "type": "minecraft:condition",
                "if_true": {
                  "type": "minecraft:stone_depth",
                  "offset": 0,
                  "surface_type": "ceiling",
                  "add_surface_depth": true,
                  "secondary_depth_range": 0
                },
                "then_run": {
                  "type": "minecraft:block",
                  "result_state": {
                    "Name": "minecraft:amethyst_block"
                  }
                }
              }
            },
            {
              "type": "minecraft:condition",
              "if_true": {
                "type": "minecraft:noise_threshold",
                "noise": "minecraft:calcite",
                "min_threshold": -0.0075,
                "max_threshold": 0.0075
              },
              "then_run": {
                "type": "minecraft:condition",
                "if_true": {
                  "type": "minecraft:stone_depth",
                  "offset": 0,
                  "surface_type": "ceiling",
                  "add_surface_depth": true,
                  "secondary_depth_range": 0
                },
                "then_run": {
                  "type": "minecraft:block",
                  "result_state": {
                    "Name": "minecraft:calcite"
                  }
                }
              }
            },
            {
              "type": "minecraft:condition",
              "if_true": {
                "type": "minecraft:noise_threshold",
                "noise": "minecraft:calcite",
                "min_threshold": -0.0125,
                "max_threshold": 0.0125
              },
              "then_run": {
                "type": "minecraft:condition",
                "if_true": {
                  "type": "minecraft:stone_depth",
                  "offset": 0,
                  "surface_type": "ceiling",
                  "add_surface_depth": true,
                  "secondary_depth_range": 0
                },
                "then_run": {
                  "type": "minecraft:block",
                  "result_state": {
                    "Name": "minecraft:smooth_basalt"
                  }
                }
              }
            },
            {
              "type": "minecraft:condition",
              "if_true": {
                "type": "minecraft:noise_threshold",
                "noise": "minecraft:calcite",
                "min_threshold": -0.0015,
                "max_threshold": 0.0015
              },
              "then_run": {
                "type": "minecraft:condition",
                "if_true": {
                  "type": "minecraft:stone_depth",
                  "offset": 0,
                  "surface_type": "floor",
                  "add_surface_depth": false,
                  "secondary_depth_range": 0
                },
                "then_run": {
                  "type": "minecraft:block",
                  "result_state": {
                    "Name": "minecraft:air"
                  }
                }
              }
            },
            {
              "type": "minecraft:condition",
              "if_true": {
                "type": "minecraft:noise_threshold",
                "noise": "minecraft:calcite",
                "min_threshold": -0.0025,
                "max_threshold": 0.0025
              },
              "then_run": {
                "type": "minecraft:condition",
                "if_true": {
                  "type": "minecraft:stone_depth",
                  "offset": 0,
                  "surface_type": "floor",
                  "add_surface_depth": true,
                  "secondary_depth_range": 0
                },
                "then_run": {
                  "type": "minecraft:block",
                  "result_state": {
                    "Name": "minecraft:amethyst_block"
                  }
                }
              }
            },
            {
              "type": "minecraft:condition",
              "if_true": {
                "type": "minecraft:noise_threshold",
                "noise": "minecraft:calcite",
                "min_threshold": -0.0075,
                "max_threshold": 0.0075
              },
              "then_run": {
                "type": "minecraft:condition",
                "if_true": {
                  "type": "minecraft:stone_depth",
                  "offset": 0,
                  "surface_type": "floor",
                  "add_surface_depth": true,
                  "secondary_depth_range": 0
                },
                "then_run": {
                  "type": "minecraft:block",
                  "result_state": {
                    "Name": "minecraft:calcite"
                  }
                }
              }
            },
            {
              "type": "minecraft:condition",
              "if_true": {
                "type": "minecraft:noise_threshold",
                "noise": "minecraft:calcite",
                "min_threshold": -0.0125,
                "max_threshold": 0.0125
              },
              "then_run": {
                "type": "minecraft:condition",
                "if_true": {
                  "type": "minecraft:stone_depth",
                  "offset": 0,
                  "surface_type": "floor",
                  "add_surface_depth": true,
                  "secondary_depth_range": 0
                },
                "then_run": {
                  "type": "minecraft:block",
                  "result_state": {
                    "Name": "minecraft:smooth_basalt"
                  }
                }
              }
            }
          ]
        }
      },
      {
        "type": "minecraft:condition",
        "if_true": {
          "type": "minecraft:biome",
          "biome_is": [
            "bro:saturated/oceanic"
          ]
        },
        "then_run": {
          "type": "minecraft:sequence",
          "sequence": [
            {
              "type": "minecraft:condition",
              "if_true": {
                "type": "minecraft:noise_threshold",
                "noise": "minecraft:calcite",
                "min_threshold": -0.0125,
                "max_threshold": 0.0125
              },
              "then_run": {
                "type": "minecraft:block",
                "result_state": {
                  "Name": "minecraft:blackstone"
                }
              }
            },
            {
              "type": "minecraft:condition",
              "if_true": {
                "type": "minecraft:y_above",
                "anchor": {
                  "absolute": 55
                },
                "surface_depth_multiplier": 0,
                "add_stone_depth": false
              },
              "then_run": {
                "type": "minecraft:condition",
                "if_true": {
                  "type": "minecraft:vertical_gradient",
                  "random_name": "dead_corals",
                  "true_at_and_below": {
                    "above_bottom": 0
                  },
                  "false_at_and_above": {
                    "below_top": 0
                  }
                },
                "then_run": {
                  "type": "minecraft:block",
                  "result_state": {
                    "Name": "minecraft:dead_fire_coral_block"
                  }
                }
              }
            },
            {
              "type": "minecraft:condition",
              "if_true": {
                "type": "minecraft:y_above",
                "anchor": {
                  "absolute": 60
                },
                "surface_depth_multiplier": 0,
                "add_stone_depth": false
              },
              "then_run": {
                "type": "minecraft:sequence",
                "sequence": [
                  {
                    "type": "minecraft:block",
                    "result_state": {
                      "Name": "minecraft:dead_bubble_coral_block"
                    }
                  }
                ]
              }
            },
            {
              "type": "minecraft:condition",
              "if_true": {
                "type": "minecraft:steep"
              },
              "then_run": {
                "type": "minecraft:block",
                "result_state": {
                  "Name": "minecraft:smooth_sandstone"
                }
              }
            },
            {
              "type": "minecraft:condition",
              "if_true": {
                "type": "minecraft:stone_depth",
                "offset": 0,
                "surface_type": "floor",
                "add_surface_depth": false,
                "secondary_depth_range": 0
              },
              "then_run": {
                "type": "minecraft:block",
                "result_state": {
                  "Name": "minecraft:sand"
                }
              }
            },
            {
              "type": "minecraft:condition",
              "if_true": {
                "type": "minecraft:stone_depth",
                "offset": 0,
                "surface_type": "floor",
                "add_surface_depth": true,
                "secondary_depth_range": 0
              },
              "then_run": {
                "type": "minecraft:block",
                "result_state": {
                  "Name": "minecraft:smooth_sandstone"
                }
              }
            }
          ]
        }
      },
      {
        "type": "minecraft:condition",
        "if_true": {
          "type": "minecraft:biome",
          "biome_is": [
            "bro:river"
          ]
        },
        "then_run": {
          "type": "minecraft:sequence",
          "sequence": [
            {
              "type": "minecraft:condition",
              "if_true": {
                "type": "minecraft:above_preliminary_surface"
              },
              "then_run": {
                "type": "minecraft:sequence",
                "sequence": [
                  {
                    "type": "minecraft:condition",
                    "if_true": {
                      "type": "minecraft:stone_depth",
                      "offset": 0,
                      "surface_type": "floor",
                      "add_surface_depth": false,
                      "secondary_depth_range": 0
                    },
                    "then_run": {
                      "type": "minecraft:block",
                      "result_state": {
                        "Name": "minecraft:grass_block",
                        "Properties": {
                          "snowy": "false"
                        }
                      }
                    }
                  },
                  {
                    "type": "minecraft:condition",
                    "if_true": {
                      "type": "minecraft:stone_depth",
                      "offset": 0,
                      "surface_type": "floor",
                      "add_surface_depth": true,
                      "secondary_depth_range": 0
                    },
                    "then_run": {
                      "type": "minecraft:block",
                      "result_state": {
                        "Name": "minecraft:dirt"
                      }
                    }
                  }
                ]
              }
            }
          ]
        }
      },
      {
        "type": "minecraft:condition",
        "if_true": {
          "type": "minecraft:biome",
          "biome_is": [
            "bro:saturated/moss_basin"
          ]
        },
        "then_run": {
          "type": "minecraft:sequence",
          "sequence": [
            {
              "type": "minecraft:condition",
              "if_true": {
                "type": "minecraft:steep"
              },
              "then_run": {
                "type": "minecraft:block",
                "result_state": {
                  "Name": "minecraft:stone"
                }
              }
            },
            {
              "type": "minecraft:condition",
              "if_true": {
                "type": "minecraft:noise_threshold",
                "noise": "minecraft:surface",
                "min_threshold": 0.1,
                "max_threshold": 0.2
              },
              "then_run": {
                "type": "minecraft:condition",
                "if_true": {
                  "type": "minecraft:stone_depth",
                  "offset": 0,
                  "surface_type": "floor",
                  "add_surface_depth": true,
                  "secondary_depth_range": 0
                },
                "then_run": {
                  "type": "minecraft:block",
                  "result_state": {
                    "Name": "minecraft:rooted_dirt"
                  }
                }
              }
            },
            {
              "type": "minecraft:condition",
              "if_true": {
                "type": "minecraft:noise_threshold",
                "noise": "minecraft:packed_ice",
                "min_threshold": 0,
                "max_threshold": 0.2
              },
              "then_run": {
                "type": "minecraft:condition",
                "if_true": {
                  "type": "minecraft:stone_depth",
                  "offset": 0,
                  "surface_type": "floor",
                  "add_surface_depth": true,
                  "secondary_depth_range": 0
                },
                "then_run": {
                  "type": "minecraft:block",
                  "result_state": {
                    "Name": "minecraft:moss_block"
                  }
                }
              }
            },
            {
              "type": "minecraft:condition",
              "if_true": {
                "type": "minecraft:noise_threshold",
                "noise": "minecraft:calcite",
                "min_threshold": -0.0125,
                "max_threshold": 0.0125
              },
              "then_run": {
                "type": "minecraft:condition",
                "if_true": {
                  "type": "minecraft:stone_depth",
                  "offset": 0,
                  "surface_type": "floor",
                  "add_surface_depth": true,
                  "secondary_depth_range": 0
                },
                "then_run": {
                  "type": "minecraft:block",
                  "result_state": {
                    "Name": "minecraft:mossy_cobblestone"
                  }
                }
              }
            }
          ]
        }
      },
      {
        "type": "minecraft:condition",
        "if_true": {
          "type": "minecraft:biome",
          "biome_is": [
            "bro:saturated/stranger_flats"
          ]
        },
        "then_run": {
          "type": "minecraft:sequence",
          "sequence": [
            {
              "type": "minecraft:condition",
              "if_true": {
                "type": "minecraft:steep"
              },
              "then_run": {
                "type": "minecraft:block",
                "result_state": {
                  "Name": "minecraft:stone"
                }
              }
            },
            {
              "type": "minecraft:condition",
              "if_true": {
                "type": "minecraft:noise_threshold",
                "noise": "minecraft:calcite",
                "min_threshold": -0.0125,
                "max_threshold": 0.0125
              },
              "then_run": {
                "type": "minecraft:condition",
                "if_true": {
                  "type": "minecraft:stone_depth",
                  "offset": 0,
                  "surface_type": "floor",
                  "add_surface_depth": true,
                  "secondary_depth_range": 0
                },
                "then_run": {
                  "type": "minecraft:block",
                  "result_state": {
                    "Name": "minecraft:coarse_dirt"
                  }
                }
              }
            }
          ]
        }
      },
      {
        "type": "minecraft:condition",
        "if_true": {
          "type": "minecraft:biome",
          "biome_is": [
            "bro:saturated/the_enchanted"
          ]
        },
        "then_run": {
          "type": "minecraft:sequence",
          "sequence": [
            {
              "type": "minecraft:condition",
              "if_true": {
                "type": "minecraft:steep"
              },
              "then_run": {
                "type": "minecraft:block",
                "result_state": {
                  "Name": "minecraft:stone"
                }
              }
            },
            {
              "type": "minecraft:condition",
              "if_true": {
                "type": "minecraft:noise_threshold",
                "noise": "minecraft:calcite",
                "min_threshold": -0.0125,
                "max_threshold": 0.0125
              },
              "then_run": {
                "type": "minecraft:condition",
                "if_true": {
                  "type": "minecraft:stone_depth",
                  "offset": 0,
                  "surface_type": "floor",
                  "add_surface_depth": true,
                  "secondary_depth_range": 0
                },
                "then_run": {
                  "type": "minecraft:condition",
                  "if_true": {
                    "type": "minecraft:vertical_gradient",
                    "random_name": "mossy_path",
                    "true_at_and_below": {
                      "above_bottom": 64
                    },
                    "false_at_and_above": {
                      "below_top": 64
                    }
                  },
                  "then_run": {
                    "type": "minecraft:block",
                    "result_state": {
                      "Name": "minecraft:mossy_cobblestone"
                    }
                  }
                }
              }
            },
            {
              "type": "minecraft:condition",
              "if_true": {
                "type": "minecraft:noise_threshold",
                "noise": "minecraft:calcite",
                "min_threshold": -0.0125,
                "max_threshold": 0.0125
              },
              "then_run": {
                "type": "minecraft:condition",
                "if_true": {
                  "type": "minecraft:stone_depth",
                  "offset": 0,
                  "surface_type": "floor",
                  "add_surface_depth": true,
                  "secondary_depth_range": 0
                },
                "then_run": {
                  "type": "minecraft:block",
                  "result_state": {
                    "Name": "minecraft:mossy_stone_bricks"
                  }
                }
              }
            }
          ]
        }
      },
      {
        "type": "minecraft:condition",
        "if_true": {
          "type": "minecraft:biome",
          "biome_is": [
            "bro:saturated/boreal_valley"
          ]
        },
        "then_run": {
          "type": "minecraft:sequence",
          "sequence": [
            {
              "type": "minecraft:condition",
              "if_true": {
                "type": "minecraft:steep"
              },
              "then_run": {
                "type": "minecraft:block",
                "result_state": {
                  "Name": "minecraft:stone"
                }
              }
            },
            {
              "type": "minecraft:condition",
              "if_true": {
                "type": "minecraft:noise_threshold",
                "noise": "minecraft:calcite",
                "min_threshold": -0.0125,
                "max_threshold": 0.0125
              },
              "then_run": {
                "type": "minecraft:condition",
                "if_true": {
                  "type": "minecraft:stone_depth",
                  "offset": 0,
                  "surface_type": "floor",
                  "add_surface_depth": true,
                  "secondary_depth_range": 0
                },
                "then_run": {
                  "type": "minecraft:block",
                  "result_state": {
                    "Name": "minecraft:warped_wart_block"
                  }
                }
              }
            }
          ]
        }
      },
      {
        "type": "minecraft:condition",
        "if_true": {
          "type": "minecraft:biome",
          "biome_is": [
            "bro:saturated/crystallized_peaks"
          ]
        },
        "then_run": {
          "type": "minecraft:sequence",
          "sequence": [
            {
              "type": "minecraft:condition",
              "if_true": {
                "type": "minecraft:noise_threshold",
                "noise": "minecraft:packed_ice",
                "min_threshold": 0,
                "max_threshold": 0.2
              },
              "then_run": {
                "type": "minecraft:block",
                "result_state": {
                  "Name": "minecraft:blackstone"
                }
              }
            },
            {
              "type": "minecraft:condition",
              "if_true": {
                "type": "minecraft:noise_threshold",
                "noise": "bro:mountain1",
                "min_threshold": -0.15,
                "max_threshold": 0.15
              },
              "then_run": {
                "type": "minecraft:condition",
                "if_true": {
                  "type": "minecraft:noise_threshold",
                  "noise": "bro:mountain2",
                  "min_threshold": -1e+308,
                  "max_threshold": 0.1
                },
                "then_run": {
                  "type": "minecraft:block",
                  "result_state": {
                    "Name": "minecraft:blackstone"
                  }
                }
              }
            }
          ]
        }
      },
      {
        "type": "minecraft:condition",
        "if_true": {
          "type": "minecraft:biome",
          "biome_is": [
            "bro:saturated/freezer"
          ]
        },
        "then_run": {
          "type": "minecraft:sequence",
          "sequence": [
            {
              "type": "minecraft:condition",
              "if_true": {
                "type": "minecraft:steep"
              },
              "then_run": {
                "type": "minecraft:block",
                "result_state": {
                  "Name": "minecraft:smooth_basalt"
                }
              }
            },
            {
              "type": "minecraft:condition",
              "if_true": {
                "type": "minecraft:stone_depth",
                "offset": 0,
                "surface_type": "floor",
                "add_surface_depth": true,
                "secondary_depth_range": 0
              },
              "then_run": {
                "type": "minecraft:block",
                "result_state": {
                  "Name": "minecraft:powder_snow"
                }
              }
            },
            {
              "type": "minecraft:block",
              "result_state": {
                "Name": "minecraft:warped_wart_block"
              }
            }
          ]
        }
      },
      {
        "type": "minecraft:condition",
        "if_true": {
          "type": "minecraft:biome",
          "biome_is": [
            "bro:saturated/bone_canyon"
          ]
        },
        "then_run": {
          "type": "minecraft:sequence",
          "sequence": [
            {
              "type": "minecraft:condition",
              "if_true": {
                "type": "minecraft:steep"
              },
              "then_run": {
                "type": "minecraft:bandlands"
              }
            },
            {
              "type": "minecraft:condition",
              "if_true": {
                "type": "minecraft:noise_threshold",
                "noise": "minecraft:calcite",
                "min_threshold": -0.0125,
                "max_threshold": -0.0125
              },
              "then_run": {
                "type": "minecraft:block",
                "result_state": {
                  "Name": "minecraft:red_sandstone"
                }
              }
            },
            {
              "type": "minecraft:condition",
              "if_true": {
                "type": "minecraft:stone_depth",
                "offset": 0,
                "surface_type": "floor",
                "add_surface_depth": false,
                "secondary_depth_range": 0
              },
              "then_run": {
                "type": "minecraft:block",
                "result_state": {
                  "Name": "minecraft:red_sand"
                }
              }
            },
            {
              "type": "minecraft:block",
              "result_state": {
                "Name": "minecraft:smooth_red_sandstone"
              }
            }
          ]
        }
      },
      {
        "type": "minecraft:condition",
        "if_true": {
          "type": "minecraft:biome",
          "biome_is": [
            "bro:saturated/basalt_climb"
          ]
        },
        "then_run": {
          "type": "minecraft:sequence",
          "sequence": [
            {
              "type": "minecraft:condition",
              "if_true": {
                "type": "minecraft:noise_threshold",
                "noise": "minecraft:surface",
                "min_threshold": 0.1,
                "max_threshold": 0.2
              },
              "then_run": {
                "type": "minecraft:sequence",
                "sequence": [
                  {
                    "type": "minecraft:condition",
                    "if_true": {
                      "type": "minecraft:stone_depth",
                      "offset": 0,
                      "surface_type": "floor",
                      "add_surface_depth": true,
                      "secondary_depth_range": 0
                    },
                    "then_run": {
                      "type": "minecraft:condition",
                      "if_true": {
                        "type": "minecraft:vertical_gradient",
                        "random_name": "basalt_burnt",
                        "true_at_and_below": {
                          "above_bottom": 64
                        },
                        "false_at_and_above": {
                          "below_top": 0
                        }
                      },
                      "then_run": {
                        "type": "minecraft:block",
                        "result_state": {
                          "Name": "minecraft:smooth_basalt"
                        }
                      }
                    }
                  },
                  {
                    "type": "minecraft:block",
                    "result_state": {
                      "Name": "minecraft:blackstone"
                    }
                  }
                ]
              }
            },
            {
              "type": "minecraft:condition",
              "if_true": {
                "type": "minecraft:noise_threshold",
                "noise": "minecraft:surface",
                "min_threshold": 0,
                "max_threshold": 0.3
              },
              "then_run": {
                "type": "minecraft:block",
                "result_state": {
                  "Name": "minecraft:basalt",
                  "Properties": {
                    "axis": "y"
                  }
                }
              }
            },
            {
              "type": "minecraft:condition",
              "if_true": {
                "type": "minecraft:vertical_gradient",
                "random_name": "the_smooth",
                "true_at_and_below": {
                  "above_bottom": 90
                },
                "false_at_and_above": {
                  "below_top": 0
                }
              },
              "then_run": {
                "type": "minecraft:block",
                "result_state": {
                  "Name": "minecraft:smooth_basalt"
                }
              }
            },
            {
              "type": "minecraft:block",
              "result_state": {
                "Name": "minecraft:blackstone"
              }
            }
          ]
        }
      },
      {
        "type": "minecraft:sequence",
        "sequence": [
          {
            "type": "minecraft:condition",
            "if_true": {
              "type": "minecraft:biome",
              "biome_is": [
                "bro:saturated/boreal_valley",
                "bro:saturated/moss_basin",
                "bro:saturated/stranger_flats",
                "bro:saturated/the_enchanted"
              ]
            },
            "then_run": {
              "type": "minecraft:condition",
              "if_true": {
                "type": "minecraft:not",
                "invert": {
                  "type": "minecraft:y_above",
                  "anchor": {
                    "absolute": 0
                  },
                  "surface_depth_multiplier": 0,
                  "add_stone_depth": false
                }
              },
              "then_run": {
                "type": "minecraft:sequence",
                "sequence": [
                  {
                    "type": "minecraft:condition",
                    "if_true": {
                      "type": "minecraft:vertical_gradient",
                      "random_name": "sandy_ditr",
                      "true_at_and_below": {
                        "above_bottom": 0
                      },
                      "false_at_and_above": {
                        "below_top": 0
                      }
                    },
                    "then_run": {
                      "type": "minecraft:block",
                      "result_state": {
                        "Name": "minecraft:dirt"
                      }
                    }
                  },
                  {
                    "type": "minecraft:condition",
                    "if_true": {
                      "type": "minecraft:biome",
                      "biome_is": [
                        "bro:saturated/boreal_valley",
                        "bro:saturated/moss_basin",
                        "bro:saturated/stranger_flats",
                        "bro:saturated/the_enchanted"
                      ]
                    },
                    "then_run": {
                      "type": "minecraft:condition",
                      "if_true": {
                        "type": "minecraft:not",
                        "invert": {
                          "type": "minecraft:y_above",
                          "anchor": {
                            "absolute": 63
                          },
                          "surface_depth_multiplier": 0,
                          "add_stone_depth": false
                        }
                      },
                      "then_run": {
                        "type": "minecraft:sequence",
                        "sequence": [
                          {
                            "type": "minecraft:condition",
                            "if_true": {
                              "type": "minecraft:stone_depth",
                              "offset": 0,
                              "surface_type": "floor",
                              "add_surface_depth": true,
                              "secondary_depth_range": 0
                            },
                            "then_run": {
                              "type": "minecraft:block",
                              "result_state": {
                                "Name": "minecraft:dirt"
                              }
                            }
                          }
                        ]
                      }
                    }
                  }
                ]
              }
            }
          },
          {
            "type": "minecraft:condition",
            "if_true": {
              "type": "minecraft:biome",
              "biome_is": [
                "bro:saturated/boreal_valley",
                "bro:saturated/moss_basin",
                "bro:saturated/stranger_flats",
                "bro:saturated/the_enchanted"
              ]
            },
            "then_run": {
              "type": "minecraft:condition",
              "if_true": {
                "type": "minecraft:above_preliminary_surface"
              },
              "then_run": {
                "type": "minecraft:sequence",
                "sequence": [
                  {
                    "type": "minecraft:condition",
                    "if_true": {
                      "type": "minecraft:stone_depth",
                      "offset": 0,
                      "surface_type": "floor",
                      "add_surface_depth": false,
                      "secondary_depth_range": 0
                    },
                    "then_run": {
                      "type": "minecraft:block",
                      "result_state": {
                        "Name": "minecraft:grass_block",
                        "Properties": {
                          "snowy": "false"
                        }
                      }
                    }
                  },
                  {
                    "type": "minecraft:condition",
                    "if_true": {
                      "type": "minecraft:stone_depth",
                      "offset": 0,
                      "surface_type": "floor",
                      "add_surface_depth": true,
                      "secondary_depth_range": 0
                    },
                    "then_run": {
                      "type": "minecraft:block",
                      "result_state": {
                        "Name": "minecraft:dirt"
                      }
                    }
                  }
                ]
              }
            }
          }
        ]
      },
      {
        "type": "minecraft:condition",
        "if_true": {
          "type": "minecraft:biome",
          "biome_is": [
            "bro:saturated/cave/underground_jungle"
          ]
        },
        "then_run": {
          "type": "minecraft:sequence",
          "sequence": [
            {
              "type": "minecraft:condition",
              "if_true": {
                "type": "minecraft:noise_threshold",
                "noise": "minecraft:surface",
                "min_threshold": 0,
                "max_threshold": 0.3
              },
              "then_run": {
                "type": "minecraft:condition",
                "if_true": {
                  "type": "minecraft:stone_depth",
                  "offset": 0,
                  "surface_type": "ceiling",
                  "add_surface_depth": true,
                  "secondary_depth_range": 0
                },
                "then_run": {
                  "type": "minecraft:block",
                  "result_state": {
                    "Name": "minecraft:rooted_dirt"
                  }
                }
              }
            },
            {
              "type": "minecraft:condition",
              "if_true": {
                "type": "minecraft:stone_depth",
                "offset": 0,
                "surface_type": "ceiling",
                "add_surface_depth": false,
                "secondary_depth_range": 0
              },
              "then_run": {
                "type": "minecraft:block",
                "result_state": {
                  "Name": "minecraft:moss_block"
                }
              }
            },
            {
              "type": "minecraft:condition",
              "if_true": {
                "type": "minecraft:vertical_gradient",
                "random_name": "mossy_junjle",
                "true_at_and_below": {
                  "above_bottom": 0
                },
                "false_at_and_above": {
                  "below_top": 0
                }
              },
              "then_run": {
                "type": "minecraft:condition",
                "if_true": {
                  "type": "minecraft:stone_depth",
                  "offset": 0,
                  "surface_type": "floor",
                  "add_surface_depth": true,
                  "secondary_depth_range": 0
                },
                "then_run": {
                  "type": "minecraft:block",
                  "result_state": {
                    "Name": "minecraft:moss_block"
                  }
                }
              }
            },
            {
              "type": "minecraft:condition",
              "if_true": {
                "type": "minecraft:stone_depth",
                "offset": 0,
                "surface_type": "floor",
                "add_surface_depth": false,
                "secondary_depth_range": 0
              },
              "then_run": {
                "type": "minecraft:block",
                "result_state": {
                  "Name": "minecraft:grass_block"
                }
              }
            }
          ]
        }
      },
      {
        "type": "minecraft:condition",
        "if_true": {
          "type": "minecraft:biome",
          "biome_is": [
            "bro:saturated/cave/bone_cavern"
          ]
        },
        "then_run": {
          "type": "minecraft:sequence",
          "sequence": [
            {
              "type": "minecraft:condition",
              "if_true": {
                "type": "minecraft:noise_threshold",
                "noise": "minecraft:surface",
                "min_threshold": 0,
                "max_threshold": 0.3
              },
              "then_run": {
                "type": "minecraft:condition",
                "if_true": {
                  "type": "minecraft:stone_depth",
                  "offset": 0,
                  "surface_type": "ceiling",
                  "add_surface_depth": true,
                  "secondary_depth_range": 0
                },
                "then_run": {
                  "type": "minecraft:block",
                  "result_state": {
                    "Name": "minecraft:nether_wart_block"
                  }
                }
              }
            },
            {
              "type": "minecraft:block",
              "result_state": {
                "Name": "minecraft:smooth_red_sandstone"
              }
            }
          ]
        }
      },
      {
        "type": "minecraft:condition",
        "if_true": {
          "type": "minecraft:biome",
          "biome_is": [
            "bro:saturated/verdant_spires"
          ]
        },
        "then_run": {
          "type": "minecraft:sequence",
          "sequence": [
            {
              "type": "minecraft:condition",
              "if_true": {
                "type": "minecraft:not",
                "invert": {
                  "type": "minecraft:above_preliminary_surface"
                }
              },
              "then_run": {
                "type": "minecraft:sequence",
                "sequence": [
                  {
                    "type": "minecraft:condition",
                    "if_true": {
                      "type": "minecraft:steep"
                    },
                    "then_run": {
                      "type": "minecraft:block",
                      "result_state": {
                        "Name": "minecraft:smooth_sandstone"
                      }
                    }
                  },
                  {
                    "type": "minecraft:condition",
                    "if_true": {
                      "type": "minecraft:stone_depth",
                      "offset": 0,
                      "surface_type": "floor",
                      "add_surface_depth": false,
                      "secondary_depth_range": 0
                    },
                    "then_run": {
                      "type": "minecraft:block",
                      "result_state": {
                        "Name": "minecraft:sand"
                      }
                    }
                  },
                  {
                    "type": "minecraft:condition",
                    "if_true": {
                      "type": "minecraft:stone_depth",
                      "offset": 0,
                      "surface_type": "floor",
                      "add_surface_depth": true,
                      "secondary_depth_range": 0
                    },
                    "then_run": {
                      "type": "minecraft:block",
                      "result_state": {
                        "Name": "minecraft:sandstone"
                      }
                    }
                  }
                ]
              }
            },
            {
              "type": "minecraft:condition",
              "if_true": {
                "type": "minecraft:stone_depth",
                "offset": 0,
                "surface_type": "floor",
                "add_surface_depth": false,
                "secondary_depth_range": 0
              },
              "then_run": {
                "type": "minecraft:condition",
                "if_true": {
                  "type": "minecraft:vertical_gradient",
                  "random_name": "moss_floor",
                  "true_at_and_below": {
                    "above_bottom": 0
                  },
                  "false_at_and_above": {
                    "below_top": 0
                  }
                },
                "then_run": {
                  "type": "minecraft:condition",
                  "if_true": {
                    "type": "minecraft:y_above",
                    "anchor": {
                      "absolute": 63
                    },
                    "surface_depth_multiplier": 0,
                    "add_stone_depth": false
                  },
                  "then_run": {
                    "type": "minecraft:block",
                    "result_state": {
                      "Name": "minecraft:moss_block"
                    }
                  }
                }
              }
            },
            {
              "type": "minecraft:condition",
              "if_true": {
                "type": "minecraft:stone_depth",
                "offset": 0,
                "surface_type": "ceiling",
                "add_surface_depth": false,
                "secondary_depth_range": 0
              },
              "then_run": {
                "type": "minecraft:condition",
                "if_true": {
                  "type": "minecraft:vertical_gradient",
                  "random_name": "moss_ceiling",
                  "true_at_and_below": {
                    "absolute": 0
                  },
                  "false_at_and_above": {
                    "absolute": 0
                  }
                },
                "then_run": {
                  "type": "minecraft:condition",
                  "if_true": {
                    "type": "minecraft:y_above",
                    "anchor": {
                      "absolute": 63
                    },
                    "surface_depth_multiplier": 0,
                    "add_stone_depth": false
                  },
                  "then_run": {
                    "type": "minecraft:block",
                    "result_state": {
                      "Name": "minecraft:moss_block"
                    }
                  }
                }
              }
            },
            {
              "type": "minecraft:condition",
              "if_true": {
                "type": "minecraft:vertical_gradient",
                "random_name": "cobble_spires",
                "true_at_and_below": {
                  "above_bottom": 0
                },
                "false_at_and_above": {
                  "below_top": 0
                }
              },
              "then_run": {
                "type": "minecraft:block",
                "result_state": {
                  "Name": "minecraft:cobblestone"
                }
              }
            },
            {
              "type": "minecraft:condition",
              "if_true": {
                "type": "minecraft:stone_depth",
                "offset": 0,
                "surface_type": "ceiling",
                "add_surface_depth": true,
                "secondary_depth_range": 0
              },
              "then_run": {
                "type": "minecraft:block",
                "result_state": {
                  "Name": "minecraft:mossy_cobblestone"
                }
              }
            },
            {
              "type": "minecraft:condition",
              "if_true": {
                "type": "minecraft:stone_depth",
                "offset": 0,
                "surface_type": "floor",
                "add_surface_depth": true,
                "secondary_depth_range": 0
              },
              "then_run": {
                "type": "minecraft:block",
                "result_state": {
                  "Name": "minecraft:mossy_cobblestone"
                }
              }
            }
          ]
        }
      },
      {
        "type": "minecraft:condition",
        "if_true": {
          "type": "minecraft:biome",
          "biome_is": [
            "bro:saturated/sunken_depths"
          ]
        },
        "then_run": {
          "type": "minecraft:sequence",
          "sequence": [
            {
              "type": "minecraft:condition",
              "if_true": {
                "type": "minecraft:vertical_gradient",
                "random_name": "dead_silt",
                "true_at_and_below": {
                  "above_bottom": 0
                },
                "false_at_and_above": {
                  "below_top": 0
                }
              },
              "then_run": {
                "type": "minecraft:block",
                "result_state": {
                  "Name": "minecraft:gravel"
                }
              }
            },
            {
              "type": "minecraft:condition",
              "if_true": {
                "type": "minecraft:stone_depth",
                "offset": 0,
                "surface_type": "floor",
                "add_surface_depth": true,
                "secondary_depth_range": 0
              },
              "then_run": {
                "type": "minecraft:block",
                "result_state": {
                  "Name": "minecraft:cobbled_deepslate"
                }
              }
            }
          ]
        }
      },
      {
        "type": "minecraft:condition",
        "if_true": {
          "type": "minecraft:vertical_gradient",
          "random_name": "minecraft:deepslate",
          "true_at_and_below": {
            "absolute": 0
          },
          "false_at_and_above": {
            "absolute": 8
          }
        },
        "then_run": {
          "type": "minecraft:block",
          "result_state": {
            "Name": "minecraft:deepslate",
            "Properties": {
              "axis": "y"
            }
          }
        }
      }
    ]
  }
}
