{
  "feature": "bro:oceans/coral_trees/coral_discs",
  "placement": [
    {
      "type": "minecraft:count",
      "count": {
        "type": "minecraft:weighted_list",
        "distribution": [
          {
            "weight": 0,
            "data": 1
          },
          {
            "weight": 100,
            "data": 26
          }
        ]
      }
    },
    {
      "type": "minecraft:in_square"
    },
    {
      "type": "minecraft:heightmap",
      "heightmap": "OCEAN_FLOOR_WG"
    },
    {
      "type": "minecraft:block_predicate_filter",
      "predicate": {
        "type": "minecraft:matching_blocks",
        "offset": [
          0,
          -1,
          0
        ],
        "blocks": [
          "minecraft:sand",
          "minecraft:sandstone",
          "minecraft:smooth_sandstone"
        ]
      }
    },
    {
      "type": "minecraft:biome"
    }
  ]
}
