{
  "feature": "bro:oceans/coral_trees/dead_coral_selector",
  "placement": [
    {
      "type": "minecraft:count",
      "count": {
        "type": "minecraft:weighted_list",
        "distribution": [
          {
            "weight": 5,
            "data": 1
          },
          {
            "weight": 5,
            "data": 2
          }
        ]
      }
    },
    {
      "type": "minecraft:in_square"
    },
    {
      "type": "minecraft:heightmap",
      "heightmap": "WORLD_SURFACE_WG"
    },
    {
      "type": "minecraft:block_predicate_filter",
      "predicate": {
        "type": "minecraft:matching_blocks",
        "offset": [
          0,
          -1,
          0
        ],
        "blocks": [
          "minecraft:dead_bubble_coral_block",
          "minecraft:dead_fire_coral_block"
        ]
      }
    },
    {
      "type": "minecraft:surface_water_depth_filter",
      "max_water_depth": 2
    },
    {
      "type": "minecraft:biome"
    }
  ]
}
