{
  "type": "minecraft:random_patch",
  "config": {
    "tries": 96,
    "xz_spread": 3,
    "y_spread": 0,
    "feature": {
      "feature": {
        "type": "minecraft:simple_block",
        "config": {
          "to_place": {
            "type": "minecraft:weighted_state_provider",
            "entries": [
              {
                "weight": 1,
                "data": {
                  "Name": "minecraft:orange_terracotta"
                }
              },
              {
                "weight": 1,
                "data": {
                  "Name": "minecraft:cut_red_sandstone"
                }
              },
              {
                "weight": 2,
                "data": {
                  "Name": "minecraft:red_sandstone"
                }
              },
              {
                "weight": 4,
                "data": {
                  "Name": "minecraft:smooth_red_sandstone"
                }
              }
            ]
          }
        }
      },
      "placement": [
        {
          "type": "minecraft:block_predicate_filter",
          "predicate": {
            "type": "minecraft:all_of",
            "predicates": [
              {
                "type": "minecraft:matching_blocks",
                "blocks": [
                  "minecraft:air"
                ]
              },
              {
                "type": "minecraft:matching_blocks",
                "offset": [
                  0,
                  -1,
                  0
                ],
                "blocks": [
                  "minecraft:red_sand",
                  "minecraft:red_sandstone",
                  "minecraft:cut_red_sandstone",
                  "minecraft:smooth_red_sandstone",
                  "minecraft:orange_terracotta"
                ]
              }
            ]
          }
        }
      ]
    }
  }
}
