{
  "type": "minecraft:huge_fungus",
  "config": {
    "hat_state": {
      "Name": "minecraft:air",
      "Properties": {
        "axis": "y"
      }
    },
    "decor_state": {
      "Name": "minecraft:air"
    },
    "stem_state": {
      "Name": "minecraft:terracotta",
      "Properties": {
        "axis": "y"
      }
    },
    "valid_base_block": {
      "Name": "minecraft:terracotta"
    },
    "replaceable_blocks": {
      "type": "minecraft:any_of",
      "predicates": [
        {
          "type": "minecraft:matching_block_tag",
          "offset": [
            0,
            0,
            0
          ],
          "tag": "bro:desert_pillar_blocks"
        }
      ]
    },
    "planted": false
  }
}
