{
    "feature": "bro:no_moar_grass",
    "placement": [
        {
            "type": "count",
            "count": {
                "type": "minecraft:uniform",
                    "min_inclusive": 90,
                    "max_inclusive": 100
            }
        },
        {
            "type": "minecraft:in_square"
        },
        {
            "type": "minecraft:height_range",
            "height": {
                "min_inclusive": {
                    "above_bottom": 0
                },
                "max_inclusive": {
                    "absolute": 128
                },
                "type": "minecraft:uniform"
            }
        },
        {
            "type": "minecraft:biome"
        }
    ]
}
