{
    "ultrawarm": false,
    "natural": false,
    "piglin_safe": false,
    "respawn_anchor_works": false,
    "bed_works": false,
    "has_raids": false,
    "has_skylight": false,
    "has_ceiling": false,
    "coordinate_scale": 8,
    "ambient_light": 0.1,
    "fixed_time": 18000,
    "logical_height": 196,
    "effects": "minecraft:the_nether",
    "infiniburn": "#minecraft:infiniburn_nether",
    "min_y": 0,
    "height": 256,
    "monster_spawn_light_level": {
      "type": "minecraft:uniform",
      "min_inclusive": 0,
      "max_inclusive": 7
    },
    "monster_spawn_block_light_limit": 0
  }
  