{
  "type": "minecraft:random_selector",
  "config": {
    "features": [
      {
        "chance": 0.04,
        "feature": "bro:oceans/coral_trees/tree_brain"
      },
      {
        "chance": 0.04,
        "feature": "bro:oceans/coral_trees/tree_bubble"
      },
      {
        "chance": 0.04,
        "feature": "bro:oceans/coral_trees/tree_fire"
      },
      {
        "chance": 0.04,
        "feature": "bro:oceans/coral_trees/tree_horn"
      },
      {
        "chance": 0.04,
        "feature": "bro:oceans/coral_trees/tree_tube"
      }
    ],
    "default": "bro:na"
  }
}
