{
    "type": "minecraft:tree",
    "config": {
      "ignore_vines": true,
      "force_dirt": false,
      "minimum_size": {
        "type": "minecraft:two_layers_feature_size"
      },
      "dirt_provider": {
        "type": "minecraft:simple_state_provider",
        "state": {
          "Name": "minecraft:gravel"
        }
      },
      "trunk_provider": {
        "type": "minecraft:weighted_state_provider",
        "entries": [
          {
            "weight": 1,
            "data": {
              "Name": "minecraft:kelp_plant"
            }
          }
        ]
      },
      "foliage_provider": {
        "type": "minecraft:weighted_state_provider",
        "entries": [
          {
            "weight": 2,
            "data": {
              "Name": "minecraft:kelp",
              "Properties": {
                "age": "25"
              }
            }
          },
          {
            "weight": 1,
            "data": {
              "Name": "minecraft:verdant_froglight",
              "Properties": {
                "axis": "y"
              }
            }
          }
        ]
      },
      "trunk_placer": {
        "type": "minecraft:straight_trunk_placer",
        "base_height": 16,
        "height_rand_a": 6,
        "height_rand_b": 12
      },
      "foliage_placer": {
        "type": "minecraft:fancy_foliage_placer",
        "radius": 0,
        "offset": 0,
        "height": 0
      },
      "decorators": []
    }
  }
  