{
    "feature": "bro:oceans/verdant_frog",
    "placement": [
      {
        "type": "minecraft:count",
        "count": 1
      },
      {
        "type": "minecraft:in_square"
      },
      {
        "type": "minecraft:height_range",
        "height": {
          "type": "minecraft:uniform",
          "min_inclusive": {
            "absolute": 63
          },
          "max_inclusive": {
            "below_top": 0
          }
        }
      },
      {
        "type": "minecraft:biome"
      }
    ]
  }
  