{
    "criteria": {
      "requirement": {
        "trigger": "minecraft:enter_block",
        "conditions": {
          "player": [
            {
              "condition": "minecraft:entity_properties",
              "entity": "this",
              "predicate": {
                "location": {
                  "dimension": "minecraft:the_nether"
                }
              }
            }
          ],
          "block": "minecraft:nether_portal"
        }
      }
    },
    "rewards": {
      "function": "bro:quotes/nether_to_wrld"
    }
  }
  