{
  "type": "minecraft:tree",
  "config": {
    "minimum_size": {
      "type": "minecraft:two_layers_feature_size"
    },
    "dirt_provider": {
      "type": "minecraft:simple_state_provider",
      "state": {
        "Name": "minecraft:black_concrete"
      }
    },
    "trunk_provider": {
      "type": "minecraft:weighted_state_provider",
      "entries": [
        {
          "weight": 10,
          "data": {
            "Name": "minecraft:deepslate_bricks"
          }
        },
        {
          "weight": 10,
          "data": {
            "Name": "minecraft:cracked_deepslate_bricks"
          }
        },
        {
          "weight": 5,
          "data": {
            "Name": "minecraft:black_concrete_powder"
          }
        },
        {
          "weight": 1,
          "data": {
            "Name": "minecraft:black_concrete"
          }
        }
      ]
    },
    "foliage_provider": {
      "type": "minecraft:simple_state_provider",
      "state": {
        "Name": "minecraft:air"
      }
    },
    "trunk_placer": {
      "type": "minecraft:giant_trunk_placer",
      "base_height": 32,
      "height_rand_a": 12,
      "height_rand_b": 24
    },
    "foliage_placer": {
      "type": "minecraft:blob_foliage_placer",
      "radius": 0,
      "offset": 0,
      "height": 0
    },
    "decorators": []
  }
}
