{
  "feature": "bro:mountain/valley/bush2",
  "placement": [
    {
      "type": "minecraft:count",
      "count": {
        "type": "minecraft:weighted_list",
        "distribution": [
          {
            "weight": 50,
            "data": 11
          },
          {
            "weight": 50,
            "data": 12
          }
        ]
      }
    },
    {
      "type": "minecraft:in_square"
    },
    {
      "type": "minecraft:heightmap",
      "heightmap": "WORLD_SURFACE_WG"
    },
    {
      "type": "minecraft:block_predicate_filter",
      "predicate": {
        "type": "minecraft:matching_blocks",
        "offset": [
          0,
          -1,
          0
        ],
        "blocks": [
          "minecraft:grass_block",
          "minecraft:coarse_dirt",
          "minecraft:moss_block",
          "minecraft:dark_oak_wood"
        ]
      }
    },
    {
      "type": "minecraft:biome"
    }
  ]
}
