{
  "feature": "bro:icy/candle_base",
  "placement": [
    {
      "type": "minecraft:count",
      "count": {
        "type": "minecraft:weighted_list",
        "distribution": [
          {
            "weight": 100,
            "data": 256
          },
          {
            "weight": 0,
            "data": 256
          }
        ]
      }
    },
    {
      "type": "minecraft:in_square"
    },
    {
      "type": "minecraft:noise_based_count",
      "noise_to_count_ratio": 5,
      "noise_factor": 120,
      "noise_offset": 1
    },
    {
      "type": "minecraft:rarity_filter",
      "chance": 400
    },
    {
      "type": "heightmap",
      "heightmap": "WORLD_SURFACE_WG"
    }
  ]
}
