{
  "type": "bro:void",
  "generator": {
    "type": "minecraft:noise",
    "settings": "bro:void",
    "biome_source": {
      "type": "minecraft:multi_noise",
      "biomes": [
        {
          "biome": "bro:void/void",
          "parameters": {
            "temperature": [
              -1,
              1
            ],
            "humidity": [
              -1,
              1
            ],
            "continentalness": [
              -1.2,
              1
            ],
            "erosion": [
              -1,
              1
            ],
            "weirdness": [
              -1,
              1
            ],
            "depth": [
              -0.2,
              0
            ],
            "offset": 0
          }
        },
        {
          "biome": "bro:void/void",
          "parameters": {
            "temperature": [
              -1,
              1
            ],
            "humidity": [
              -1,
              1
            ],
            "continentalness": [
              -1.2,
              1
            ],
            "erosion": [
              -1,
              1
            ],
            "weirdness": [
              -1,
              1
            ],
            "depth": [
              0.2,
              0.8
            ],
            "offset": 0
          }
        },
        {
          "biome": "bro:void/void",
          "parameters": {
            "temperature": [
              -1,
              1
            ],
            "humidity": [
              -1,
              1
            ],
            "continentalness": [
              -1.2,
              1
            ],
            "erosion": [
              -1,
              1
            ],
            "weirdness": [
              -1,
              1
            ],
            "depth": [
              1,
              1.2
            ],
            "offset": 0
          }
        }
      ]
    }
  }
}
