{
  "type": "minecraft:large_dripstone",
  "config": {
    "floor_to_ceiling_search_range": 200,
    "column_radius": {
      "type": "minecraft:uniform",
      "min_inclusive": 1,
      "max_inclusive": 3
    },
    "height_scale": {
      "type": "minecraft:uniform",
      "min_inclusive": 2,
      "max_exclusive": 4
    },
    "max_column_radius_to_cave_height_ratio": 0.65,
    "stalactite_bluntness": {
      "type": "minecraft:uniform",
      "min_inclusive": 0.1,
      "max_exclusive": 0.4
    },
    "stalagmite_bluntness": {
      "type": "minecraft:uniform",
      "min_inclusive": 0.1,
      "max_exclusive": 0.4
    },
    "wind_speed": 0.1,
    "min_radius_for_wind": 0,
    "min_bluntness_for_wind": 0
  }
}
