{
  "type": "minecraft:root_system",
  "config": {
    "required_vertical_space_for_tree": 3,
    "root_radius": 3,
    "root_placement_attempts": 20,
    "root_column_max_height": 100,
    "hanging_root_radius": 3,
    "hanging_roots_vertical_span": 2,
    "hanging_root_placement_attempts": 20,
    "allowed_vertical_water_for_tree": 2,
    "root_replaceable": "#bro:red_sandstone",
    "root_state_provider": {
      "type": "minecraft:simple_state_provider",
      "state": {
        "Name": "minecraft:nether_wart_block"
      }
    },
    "hanging_root_state_provider": {
      "type": "minecraft:simple_state_provider",
      "state": {
        "Name": "minecraft:bone_block",
        "Properties": {
          "axis": "y"
        }
      }
    },
    "allowed_tree_position": {
      "type": "minecraft:all_of",
      "predicates": [
        {
          "type": "minecraft:any_of",
          "predicates": [
            {
              "type": "minecraft:matching_blocks",
              "blocks": [
                "minecraft:air",
                "minecraft:cave_air",
                "minecraft:void_air",
                "minecraft:water",
                "minecraft:lava"
              ]
            },
            {
              "type": "minecraft:matching_block_tag",
              "tag": "minecraft:leaves"
            },
            {
              "type": "minecraft:matching_block_tag",
              "tag": "minecraft:replaceable_plants"
            }
          ]
        },
        {
          "type": "minecraft:matching_block_tag",
          "offset": [
            0,
            -1,
            0
          ],
          "tag": "bro:red_sandstone"
        }
      ]
    },
    "feature": {
      "feature": "bro:cave/blood_tree_placer",
      "placement": []
    }
  }
}
