{
  "type": "minecraft:vegetation_patch",
  "config": {
    "surface": "ceiling",
    "depth": 1,
    "vertical_range": 1,
    "extra_bottom_block_chance": 0,
    "extra_edge_column_chance": 0,
    "vegetation_chance": 1,
    "xz_radius": {
      "type": "minecraft:uniform",
        "min_inclusive": 1,
        "max_inclusive": 1
    },
    "replaceable": "#bro:red_sandstone",
    "ground_state": {
      "type": "minecraft:simple_state_provider",
      "state": {
        "Name": "minecraft:nether_wart_block"
      }
    },
    "vegetation_feature": {
      "feature": {
        "type": "minecraft:random_selector",
        "config": {
          "features": [],
          "default": {
            "feature": {
              "type": "minecraft:random_selector",
              "config": {
                "features": [
                  {
                    "chance": 1,
                    "feature": {
                      "feature": {
                        "type": "minecraft:block_column",
                        "config": {
                          "direction": "down",
                          "allowed_placement": {
                            "type": "minecraft:matching_blocks",
                            "offset": [
                              0,
                              0,
                              0
                            ],
                            "blocks": [
                              "minecraft:air",
                              "minecraft:cave_air"
                            ]
                          },
                          "prioritize_tip": true,
                          "layers": [
                            {
                              "height": {
                                "type": "minecraft:uniform",
                                  "min_inclusive": 2,
                                  "max_inclusive": 5
                              },
                              "provider": {
                                "type": "minecraft:weighted_state_provider",
                                "entries": [
                                  {
                                    "weight": 1,
                                    "data": {
                                      "Name": "minecraft:weeping_vines_plant"
                                    }
                                  }
                                ]
                              }
                            },
                            {
                              "height": 1,
                              "provider": {
                                "type": "minecraft:weighted_state_provider",
                                "entries": [
                                  {
                                    "weight": 5,
                                    "data": {
                                      "Name": "minecraft:weeping_vines"
                                    }
                                  },
                                  {
                                    "weight": 1,
                                    "data": {
                                      "Name": "minecraft:nether_wart_block"
                                    }
                                  },
                                  {
                                    "weight": 1,
                                    "data": {
                                      "Name": "minecraft:shroomlight"
                                    }
                                  }
                                ]
                              }
                            }
                          ]
                        }
                      },
                      "placement": []
                    }
                  }
                ],
                "default": {
                  "feature": {
                    "type": "minecraft:no_op",
                    "config": {}
                  },
                  "placement": []
                }
              }
            },
            "placement": []
          }
        }
      },
      "placement": []
    }
  }
}
