{
  "type": "minecraft:tree",
  "config": {
    "ignore_vines": false,
    "force_dirt": false,
    "minimum_size": {
      "type": "minecraft:two_layers_feature_size"
    },
    "dirt_provider": {
      "type": "minecraft:simple_state_provider",
      "state": {
        "Name": "minecraft:dirt"
      }
    },
    "trunk_provider": {
      "type": "minecraft:simple_state_provider",
      "state": {
        "Name": "minecraft:jungle_log",
        "Properties": {
          "axis": "y"
        }
      }
    },
    "foliage_provider": {
      "type": "minecraft:weighted_state_provider",
      "entries": [
        {
          "weight": 25,
          "data": {
            "Name": "minecraft:jungle_leaves",
            "Properties": {
              "distance": "7",
              "persistent": "true",
              "waterlogged": "false"
            }
          }
        },
        {
          "weight": 5,
          "data": {
            "Name": "minecraft:mangrove_leaves",
            "Properties": {
              "distance": "7",
              "persistent": "true",
              "waterlogged": "false"
            }
          }
        },
        {
          "weight": 5,
          "data": {
            "Name": "minecraft:oak_leaves",
            "Properties": {
              "distance": "7",
              "persistent": "true",
              "waterlogged": "false"
            }
          }
        },
        {
          "weight": 1,
          "data": {
            "Name": "minecraft:shroomlight"
          }
        },
        {
          "weight": 20,
          "data": {
            "Name": "minecraft:air"
          }
        }
      ]
    },
    "trunk_placer": {
      "type": "minecraft:forking_trunk_placer",
      "base_height": 4,
      "height_rand_a": 2,
      "height_rand_b": 4
    },
    "foliage_placer": {
      "type": "minecraft:blob_foliage_placer",
      "radius": 3,
      "offset": 1,
      "height": 3
    },
    "decorators": [
      {
        "type": "minecraft:attached_to_leaves",
        "probability": 0.5,
        "exclusion_radius_xz": 0,
        "exclusion_radius_y": 0,
        "required_empty_blocks": 1,
        "block_provider": {
          "type": "minecraft:weighted_state_provider",
          "entries": [
            {
              "weight": 25,
              "data": {
                "Name": "minecraft:jungle_leaves",
                "Properties": {
                  "distance": "7",
                  "persistent": "true",
                  "waterlogged": "false"
                }
              }
            },
            {
              "weight": 5,
              "data": {
                "Name": "minecraft:mangrove_leaves",
                "Properties": {
                  "distance": "7",
                  "persistent": "true",
                  "waterlogged": "false"
                }
              }
            },
            {
              "weight": 5,
              "data": {
                "Name": "minecraft:oak_leaves",
                "Properties": {
                  "distance": "7",
                  "persistent": "true",
                  "waterlogged": "false"
                }
              }
            },
            {
              "weight": 1,
              "data": {
                "Name": "minecraft:shroomlight"
              }
            },
            {
              "weight": 20,
              "data": {
                "Name": "minecraft:air"
              }
            }
          ]
        },
        "directions": [
          "up",
          "down",
          "north",
          "east",
          "south",
          "west"
        ]
      },
      {
        "type": "minecraft:trunk_vine"
      }
    ]
  }
}
