{
  "type": "minecraft:tree",
  "config": {
    "ignore_vines": false,
    "force_dirt": false,
    "minimum_size": {
      "type": "minecraft:two_layers_feature_size"
    },
    "dirt_provider": {
      "type": "minecraft:simple_state_provider",
      "state": {
        "Name": "minecraft:crimson_nylium"
      }
    },
    "trunk_provider": {
      "type": "minecraft:simple_state_provider",
      "state": {
        "Name": "minecraft:weeping_vines_plant",
        "Properties": {
          "age": "25"
        }
      }
    },
    "foliage_provider": {
      "type": "minecraft:weighted_state_provider",
      "entries": [
        {
          "weight": 5,
          "data": {
            "Name": "minecraft:nether_wart_block"
          }
        },
        {
          "weight": 1,
          "data": {
            "Name": "minecraft:shroomlight"
          }
        }
      ]
    },
    "trunk_placer": {
      "type": "minecraft:straight_trunk_placer",
      "base_height": 3,
      "height_rand_a": 1,
      "height_rand_b": 2
    },
    "foliage_placer": {
      "type": "minecraft:fancy_foliage_placer",
      "radius": 1,
      "offset": 0,
      "height": 2
    },
    "decorators": []
  }
}
