{
  "type": "minecraft:tree",
  "config": {
    "ignore_vines": true,
    "force_dirt": true,
    "minimum_size": {
      "type": "minecraft:three_layers_feature_size",
      "limit": 1,
      "upper_limit": 1,
      "lower_size": 1,
      "middle_size": 1,
      "upper_size": 2
    },
    "dirt_provider": {
      "type": "minecraft:simple_state_provider",
      "state": {
        "Name": "minecraft:dirt"
      }
    },
    "trunk_provider": {
      "type": "minecraft:simple_state_provider",
      "state": {
        "Name": "minecraft:dark_oak_log",
        "Properties": {
          "axis": "y"
        }
      }
    },
    "foliage_provider": {
      "type": "minecraft:weighted_state_provider",
      "entries": [
        {
          "weight": 40,
          "data": {
            "Name": "minecraft:oak_leaves",
            "Properties": {
              "persistent": "true",
              "distance": "7"
            }
          }
        },
        {
          "weight": 1,
          "data": {
            "Name": "minecraft:purple_terracotta",
            "Properties": {}
          }
        },
        {
          "weight": 40,
          "data": {
            "Name": "minecraft:air",
            "Properties": {}
          }
        }
      ]
    },
    "trunk_placer": {
      "type": "minecraft:straight_trunk_placer",
      "base_height": 32,
      "height_rand_a": 22,
      "height_rand_b": 24
    },
    "foliage_placer": {
      "type": "minecraft:blob_foliage_placer",
      "radius": 16,
      "offset": 1,
      "height": 3
    },
    "decorators": []
  }
}
