{
  "feature": "bro:desert/pillar_normal",
  "placement": [
    {
      "type": "minecraft:surface_water_depth_filter",
      "max_water_depth": 0
    },
    {
      "type": "minecraft:rarity_filter",
      "chance": 10
    },
    {
      "type": "minecraft:in_square"
    },
    {
      "type": "minecraft:count",
      "count": {
        "type": "minecraft:uniform",
          "min_inclusive": 30,
          "max_inclusive": 47
      }
    },
    {
      "type": "minecraft:heightmap",
      "heightmap": "MOTION_BLOCKING"
    },
    {
      "type": "minecraft:biome"
    }
  ]
}
