{
  "type": "minecraft:tree",
  "config": {
    "ignore_vines": true,
    "force_dirt": false,
    "minimum_size": {
      "type": "minecraft:three_layers_feature_size",
      "limit": 1,
      "upper_limit": 1,
      "lower_size": 1,
      "middle_size": 1,
      "upper_size": 2
    },
    "dirt_provider": {
      "type": "minecraft:simple_state_provider",
      "state": {
        "Name": "minecraft:dirt"
      }
    },
    "trunk_provider": {
      "type": "minecraft:simple_state_provider",
      "state": {
        "Name": "minecraft:dark_oak_log",
        "Properties": {
          "axis": "y"
        }
      }
    },
    "foliage_provider": {
      "type": "minecraft:weighted_state_provider",
      "entries": [
        {
          "weight": 30,
          "data": {
            "Name": "minecraft:oak_leaves",
            "Properties": {
              "persistent": "true",
              "distance": "7",
              "waterlogged": "false"
            }
          }
        },
        {
          "weight": 1,
          "data": {
            "Name": "minecraft:warped_wart_block",
            "Properties": {
              "axis": "y"
            }
          }
        },
        {
          "weight": 30,
          "data": {
            "Name": "minecraft:air",
            "Properties": {
              "axis": "y"
            }
          }
        }
      ]
    },
    "root_placer": {
      "type": "minecraft:mangrove_root_placer",
      "root_provider": {
        "type": "minecraft:weighted_state_provider",
        "entries": [
          {
            "weight": 1,
            "data": {
              "Name": "minecraft:stripped_spruce_wood",
              "Properties": {
                "axis": "y"
              }
            }
          },
          {
            "weight": 2,
            "data": {
              "Name": "minecraft:spruce_wood",
              "Properties": {
                "axis": "y"
              }
            }
          }
        ]
      },
      "trunk_offset_y": 0,
      "above_root_placement": {
        "above_root_provider": {
          "type": "minecraft:weighted_state_provider",
          "entries": [
            {
              "weight": 1,
              "data": {
                "Name": "minecraft:air"
              }
            },
            {
              "weight": 1,
              "data": {
                "Name": "minecraft:moss_carpet"
              }
            }
          ]
        },
        "above_root_placement_chance": 0
      },
      "mangrove_root_placement": {
        "max_root_width": 1,
        "max_root_length": 1,
        "random_skew_chance": 0,
        "can_grow_through": [
          "minecraft:coarse_dirt"
        ],
        "muddy_roots_in": [
          "minecraft:grass_block"
        ],
        "muddy_roots_provider": {
          "type": "minecraft:weighted_state_provider",
          "entries": [
            {
              "weight": 2,
              "data": {
                "Name": "minecraft:moss_block"
              }
            },
            {
              "weight": 1,
              "data": {
                "Name": "minecraft:stripped_spruce_wood",
                "Properties": {
                  "axis": "x"
                }
              }
            },
            {
              "weight": 1,
              "data": {
                "Name": "minecraft:stripped_spruce_wood",
                "Properties": {
                  "axis": "z"
                }
              }
            },
            {
              "weight": 4,
              "data": {
                "Name": "minecraft:grass_block",
                "Properties": {
                  "snowy": "false"
                }
              }
            }
          ]
        }
      }
    },
    "trunk_placer": {
      "type": "minecraft:straight_trunk_placer",
      "base_height": 32,
      "height_rand_a": 22,
      "height_rand_b": 24
    },
    "foliage_placer": {
      "type": "minecraft:blob_foliage_placer",
      "radius": 16,
      "offset": 1,
      "height": 3
    },
    "decorators": [
      {
        "type": "minecraft:alter_ground",
        "provider": {
          "type": "minecraft:weighted_state_provider",
          "entries": [
            {
              "weight": 2,
              "data": {
                "Name": "minecraft:grass_block",
                "Properties": {
                  "snowy": "false"
                }
              }
            },
            {
              "weight": 1,
              "data": {
                "Name": "minecraft:dark_oak_wood",
                "Properties": {
                  "axis": "x"
                }
              }
            },
            {
              "weight": 1,
              "data": {
                "Name": "minecraft:dark_oak_wood",
                "Properties": {
                  "axis": "z"
                }
              }
            }
          ]
        }
      }
    ]
  }
}
