{
  "type": "minecraft:vegetation_patch",
  "config": {
    "surface": "ceiling",
    "depth": 1,
    "vertical_range": 1,
    "extra_bottom_block_chance": 1,
    "extra_edge_column_chance": 1,
    "vegetation_chance": 1,
    "xz_radius": {
      "type": "minecraft:uniform",
        "min_inclusive": 1,
        "max_inclusive": 1
    },
    "replaceable": "#bro:warped",
    "ground_state": {
      "type": "minecraft:simple_state_provider",
      "state": {
        "Name": "minecraft:warped_wart_block",
        "Properties": {
          "axis": "y"
        }
      }
    },
    "vegetation_feature": {
      "feature": {
        "type": "minecraft:block_column",
        "config": {
          "direction": "down",
          "allowed_placement": {
            "type": "minecraft:matching_blocks",
            "blocks": [
              "minecraft:air"
            ]
          },
          "prioritize_tip": true,
          "layers": [
            {
              "height": {
                "type": "minecraft:weighted_list",
                "distribution": [
                  {
                    "weight": 1,
                    "data": {
                      "type": "minecraft:uniform",
                        "min_inclusive": 7,
                        "max_inclusive": 15
                    }
                  }
                ]
              },
              "provider": {
                "type": "minecraft:weighted_state_provider",
                "entries": [
                  {
                    "weight": 1,
                    "data": {
                      "Name": "minecraft:twisting_vines_plant",
                      "Properties": {}
                    }
                  }
                ]
              }
            },
            {
              "height": 1,
              "provider": {
                "type": "minecraft:weighted_state_provider",
                "entries": [
                  {
                    "weight": 5,
                    "data": {
                      "Name": "minecraft:shroomlight",
                      "Properties": {}
                    }
                  },
                  {
                    "weight": 1,
                    "data": {
                      "Name": "minecraft:air",
                      "Properties": {
                        "axis": "y"
                      }
                    }
                  },
                  {
                    "weight": 1,
                    "data": {
                      "Name": "minecraft:warped_wart_block",
                      "Properties": {}
                    }
                  }
                ]
              }
            }
          ]
        }
      },
      "placement": [
        {
          "type": "minecraft:count",
          "count": {
            "type": "minecraft:weighted_list",
            "distribution": [
              {
                "weight": 100,
                "data": 1
              },
              {
                "weight": 0,
                "data": 1
              }
            ]
          }
        }
      ]
    }
  }
}
