{
  "type": "minecraft:random_selector",
  "config": {
    "features": [
      {
        "feature": "bro:forest/mushroom_red",
        "chance": 0.05
      },
      {
        "feature": "bro:forest/mushroom_brown",
        "chance": 0.05
      },
      {
        "feature": "bro:forest/mushroom_jack",
        "chance": 0.003
      },
      {
        "feature": "bro:forest/mushroom_orange",
        "chance": 0.008
      },
      {
        "feature": "bro:forest/mushroom_lush",
        "chance": 0.008
      }
    ],
    "default": "bro:na"
  }
}
