{
  "type": "minecraft:block_pile",
  "config": {
    "state_provider": {
      "entries": [
        {
          "weight": 5,
          "data": {
            "Name": "minecraft:dark_oak_planks"
          }
        },
        {
          "weight": 5,
          "data": {
            "Name": "minecraft:stone"
          }
        },
        {
          "weight": 20,
          "data": {
            "Name": "minecraft:stone_bricks"
          }
        },
        {
          "weight": 30,
          "data": {
            "Name": "minecraft:moss_block"
          }
        },
        {
          "weight": 10,
          "data": {
            "Name": "minecraft:smooth_stone"
          }
        },
        {
          "weight": 120,
          "data": {
            "Name": "minecraft:cracked_stone_bricks"
          }
        }
      ],
      "type": "minecraft:weighted_state_provider"
    }
  }
}
