{
  "type": "minecraft:tree",
  "config": {
    "ignore_vines": true,
    "force_dirt": false,
    "minimum_size": {
      "type": "minecraft:two_layers_feature_size"
    },
    "dirt_provider": {
      "type": "minecraft:simple_state_provider",
      "state": {
        "Name": "minecraft:dirt"
      }
    },
    "trunk_provider": {
      "type": "minecraft:weighted_state_provider",
      "entries": [
        {
          "weight": 1,
          "data": {
            "Name": "minecraft:magenta_stained_glass"
          }
        },
        {
          "weight": 1,
          "data": {
            "Name": "minecraft:purple_stained_glass"
          }
        }
      ]
    },
    "foliage_provider": {
      "type": "minecraft:weighted_state_provider",
      "entries": [
        {
          "weight": 1,
          "data": {
            "Name": "minecraft:magenta_stained_glass"
          }
        },
        {
          "weight": 1,
          "data": {
            "Name": "minecraft:purple_stained_glass"
          }
        }
      ]
    },
    "trunk_placer": {
      "type": "minecraft:giant_trunk_placer",
      "base_height": 32,
      "height_rand_a": 22,
      "height_rand_b": 24
    },
    "foliage_placer": {
      "type": "minecraft:mega_pine_foliage_placer",
      "radius": 0,
      "offset": 0,
      "crown_height": {
        "type": "minecraft:uniform",
          "min_inclusive": 20,
          "max_inclusive": 24
      }
    },
    "decorators": []
  }
}
