{
  "type": "minecraft:random_patch",
  "config": {
    "tries": 1,
    "xz_spread": 5,
    "y_spread": 3,
    "feature": {
      "feature": {
        "type": "minecraft:simple_block",
        "config": {
          "to_place": {
            "type": "minecraft:weighted_state_provider",
            "entries": [
              {
                "weight": 1024,
                "data": {
                  "Name": "minecraft:light_blue_candle",
                  "Properties": {
                    "candles": "1",
                    "lit": "false",
                    "waterlogged": "false"
                  }
                }
              },
              {
                "weight": 256,
                "data": {
                  "Name": "minecraft:light_blue_candle",
                  "Properties": {
                    "candles": "2",
                    "lit": "false",
                    "waterlogged": "false"
                  }
                }
              },
              {
                "weight": 64,
                "data": {
                  "Name": "minecraft:light_blue_candle",
                  "Properties": {
                    "candles": "3",
                    "lit": "false",
                    "waterlogged": "false"
                  }
                }
              },
              {
                "weight": 16,
                "data": {
                  "Name": "minecraft:light_blue_candle",
                  "Properties": {
                    "candles": "4",
                    "lit": "false",
                    "waterlogged": "false"
                  }
                }
              },
              {
                "weight": 512,
                "data": {
                  "Name": "minecraft:light_blue_candle",
                  "Properties": {
                    "candles": "1",
                    "lit": "true",
                    "waterlogged": "false"
                  }
                }
              },
              {
                "weight": 128,
                "data": {
                  "Name": "minecraft:light_blue_candle",
                  "Properties": {
                    "candles": "2",
                    "lit": "true",
                    "waterlogged": "false"
                  }
                }
              },
              {
                "weight": 32,
                "data": {
                  "Name": "minecraft:light_blue_candle",
                  "Properties": {
                    "candles": "3",
                    "lit": "true",
                    "waterlogged": "false"
                  }
                }
              },
              {
                "weight": 8,
                "data": {
                  "Name": "minecraft:light_blue_candle",
                  "Properties": {
                    "candles": "4",
                    "lit": "true",
                    "waterlogged": "false"
                  }
                }
              }
            ]
          }
        }
      },
      "placement": [
        {
          "type": "minecraft:block_predicate_filter",
          "predicate": {
            "type": "minecraft:all_of",
            "predicates": [
              {
                "type": "minecraft:matching_blocks",
                "blocks": [
                  "minecraft:air"
                ]
              },
              {
                "type": "minecraft:matching_blocks",
                "offset": [
                  0,
                  -1,
                  0
                ],
                "blocks": [
                  "minecraft:grass_block",
                  "minecraft:snow_block",
                  "minecraft:powder_snow"
                ]
              }
            ]
          }
        }
      ]
    }
  }
}
