{
  "type": "minecraft:vegetation_patch",
  "config": {
    "surface": "floor",
    "depth": {
      "type": "minecraft:uniform",
        "min_inclusive": 1,
        "max_inclusive": 1
    },
    "vertical_range": 1,
    "extra_bottom_block_chance": 0,
    "extra_edge_column_chance": 0,
    "vegetation_chance": 1,
    "xz_radius": {
      "type": "minecraft:uniform",
        "min_inclusive": 0,
        "max_inclusive": 0
    },
    "replaceable": "#minecraft:moss_replaceable",
    "ground_state": {
      "type": "minecraft:simple_state_provider",
      "state": {
        "Name": "minecraft:grass_block",
        "Properties": {
          "snowy": "false"
        }
      }
    },
    "vegetation_feature": {
      "feature": "bro:icy/lamp",
      "placement": [
        {
          "type": "minecraft:count",
          "count": 1
        }
      ]
    }
  }
}
