{
  "type": "minecraft:tree",
  "config": {
    "ignore_vines": true,
    "force_dirt": false,
    "minimum_size": {
      "type": "minecraft:two_layers_feature_size"
    },
    "dirt_provider": {
      "type": "minecraft:simple_state_provider",
      "state": {
        "Name": "minecraft:dirt"
      }
    },
    "trunk_provider": {
      "type": "minecraft:weighted_state_provider",
      "entries": [
        {
          "weight": 1,
          "data": {
            "Name": "minecraft:spruce_log",
            "Properties": {
              "axis": "y"
            }
          }
        }
      ]
    },
    "foliage_provider": {
      "type": "minecraft:weighted_state_provider",
      "entries": [
        {
          "weight": 4,
          "data": {
            "Name": "minecraft:oak_leaves",
            "Properties": {
              "distance": "7",
              "persistent": "true",
              "waterlogged": "false"
            }
          }
        },
        {
          "weight": 40,
          "data": {
            "Name": "minecraft:spruce_leaves",
            "Properties": {
              "distance": "7",
              "persistent": "true",
              "waterlogged": "false"
            }
          }
        },
        {
          "weight": 5,
          "data": {
            "Name": "minecraft:air"
          }
        }
      ]
    },
    "trunk_placer": {
      "type": "minecraft:straight_trunk_placer",
      "base_height": 20,
      "height_rand_a": 22,
      "height_rand_b": 24
    },
    "foliage_placer": {
      "type": "minecraft:mega_pine_foliage_placer",
      "radius": 1,
      "offset": 0,
      "crown_height": {
        "type": "minecraft:uniform",
          "min_inclusive": 16,
          "max_inclusive": 18
      }
    },
    "decorators": [
      {
        "type": "minecraft:trunk_vine"
      }
    ]
  }
}
