{
  "type": "minecraft:tree",
  "config": {
    "ignore_vines": true,
    "force_dirt": false,
    "minimum_size": {
      "type": "minecraft:two_layers_feature_size",
      "limit": 2,
      "lower_size": 0,
      "upper_size": 2
    },
    "dirt_provider": {
      "type": "minecraft:simple_state_provider",
      "state": {
        "Name": "minecraft:dirt"
      }
    },
    "trunk_provider": {
      "type": "minecraft:simple_state_provider",
      "state": {
        "Name": "minecraft:spruce_log",
        "Properties": {
          "axis": "y"
        }
      }
    },
    "foliage_provider": {
      "type": "minecraft:weighted_state_provider",
      "entries": [
        {
          "weight": 40,
          "data": {
            "Name": "minecraft:oak_leaves",
            "Properties": {
              "distance": "7",
              "persistent": "true",
              "waterlogged": "false"
            }
          }
        },
        {
          "weight": 5,
          "data": {
            "Name": "minecraft:spruce_leaves",
            "Properties": {
              "distance": "7",
              "persistent": "true",
              "waterlogged": "false"
            }
          }
        },
        {
          "weight": 5,
          "data": {
            "Name": "minecraft:air"
          }
        }
      ]
    },
    "trunk_placer": {
      "type": "minecraft:straight_trunk_placer",
      "base_height": 6,
      "height_rand_a": 2,
      "height_rand_b": 1
    },
    "foliage_placer": {
      "type": "minecraft:spruce_foliage_placer",
      "radius": {
        "type": "minecraft:uniform",
          "min_inclusive": 2,
          "max_inclusive": 3
      },
      "offset": {
        "type": "minecraft:uniform",
          "min_inclusive": 0,
          "max_inclusive": 2
      },
      "trunk_height": {
        "type": "minecraft:uniform",
          "min_inclusive": 2,
          "max_inclusive": 3
      }
    },
    "decorators": [
      {
        "type": "minecraft:trunk_vine"
      }
    ]
  }
}
