{
  "fallback": "minecraft:empty",
  "elements": [
    {
      "weight": 6,
      "element": {
        "element_type": "minecraft:single_pool_element",
        "projection": "rigid",
        "location": "bro:sewer/intersection",
        "override_liquid_settings": "ignore_waterlogging",
        "processors": "minecraft:empty"
      }
    },
    {
      "weight": 2,
      "element": {
        "element_type": "minecraft:single_pool_element",
        "projection": "rigid",
        "location": "bro:sewer/grid/intersection",
        "override_liquid_settings": "ignore_waterlogging",
        "processors": "minecraft:empty"
      }
    },
    {
      "weight": 1,
      "element": {
        "element_type": "minecraft:single_pool_element",
        "projection": "rigid",
        "location": "bro:sewer/end1",
        "override_liquid_settings": "ignore_waterlogging",
        "processors": "minecraft:empty"
      }
    }
  ]
}
