{
  "type": "minecraft:tree",
  "config": {
    "minimum_size": {
      "type": "minecraft:two_layers_feature_size"
    },
    "dirt_provider": {
      "type": "minecraft:simple_state_provider",
      "state": {
        "Name": "minecraft:moss_block"
      }
    },
    "trunk_provider": {
      "type": "minecraft:weighted_state_provider",
      "entries": [
        {
          "weight": 2,
          "data": {
            "Name": "minecraft:spruce_wood",
            "Properties": {
              "axis": "y"
            }
          }
        },
        {
          "weight": 1,
          "data": {
            "Name": "minecraft:stripped_spruce_wood",
            "Properties": {
              "axis": "y"
            }
          }
        }
      ]
    },
    "foliage_provider": {
      "type": "minecraft:weighted_state_provider",
      "entries": [
        {
          "weight": 50,
          "data": {
            "Name": "minecraft:flowering_azalea_leaves",
            "Properties": {
              "distance": "7",
              "persistent": "true",
              "waterlogged": "false"
            }
          }
        },
        {
          "weight": 1,
          "data": {
            "Name": "minecraft:azalea_leaves",
            "Properties": {
              "persistent": "true",
              "distance": "7",
              "waterlogged": "false"
            }
          }
        },
        {
          "weight": 20,
          "data": {
            "Name": "minecraft:moss_block"
          }
        },
        {
          "weight": 20,
          "data": {
            "Name": "minecraft:air"
          }
        },
        {
          "weight": 1,
          "data": {
            "Name": "minecraft:shroomlight"
          }
        }
      ]
    },
    "trunk_placer": {
      "type": "minecraft:fancy_trunk_placer",
      "base_height": 16,
      "height_rand_a": 11,
      "height_rand_b": 13
    },
    "foliage_placer": {
      "type": "minecraft:fancy_foliage_placer",
      "radius": 1,
      "offset": {
        "type": "minecraft:weighted_list",
        "distribution": [
          {
            "weight": 10,
            "data": 0
          },
          {
            "weight": 1,
            "data": 1
          }
        ]
      },
      "height": 1
    },
    "decorators": [
      {
        "type": "minecraft:leave_vine",
        "probability": 0.25
      },
      {
        "type": "minecraft:alter_ground",
        "provider": {
          "type": "minecraft:weighted_state_provider",
          "entries": [
            {
              "weight": 8,
              "data": {
                "Name": "minecraft:grass_block",
                "Properties": {
                  "snowy": "false"
                }
              }
            },
            {
              "weight": 4,
              "data": {
                "Name": "minecraft:moss_block"
              }
            },
            {
              "weight": 1,
              "data": {
                "Name": "minecraft:spruce_wood",
                "Properties": {
                  "axis": "x"
                }
              }
            },
            {
              "weight": 1,
              "data": {
                "Name": "minecraft:spruce_wood",
                "Properties": {
                  "axis": "z"
                }
              }
            },
            {
              "weight": 1,
              "data": {
                "Name": "minecraft:stripped_spruce_wood",
                "Properties": {
                  "axis": "z"
                }
              }
            },
            {
              "weight": 1,
              "data": {
                "Name": "minecraft:stripped_spruce_wood",
                "Properties": {
                  "axis": "x"
                }
              }
            }
          ]
        }
      }
    ]
  }
}
