{
  "type": "minecraft:tree",
  "config": {
    "minimum_size": {
      "type": "minecraft:two_layers_feature_size"
    },
    "dirt_provider": {
      "type": "minecraft:simple_state_provider",
      "state": {
        "Name": "minecraft:dirt"
      }
    },
    "trunk_provider": {
      "type": "minecraft:simple_state_provider",
      "state": {
        "Name": "minecraft:dark_oak_wood",
        "Properties": {
          "axis": "y"
        }
      }
    },
    "foliage_provider": {
      "type": "minecraft:weighted_state_provider",
      "entries": [
        {
          "weight": 25,
          "data": {
            "Name": "minecraft:oak_leaves",
            "Properties": {
              "distance": "7",
              "persistent": "true"
            }
          }
        },
        {
          "weight": 5,
          "data": {
            "Name": "minecraft:dark_oak_wood",
            "Properties": {
              "axis": "y"
            }
          }
        },
        {
          "weight": 5,
          "data": {
            "Name": "minecraft:air"
          }
        }
      ]
    },
    "trunk_placer": {
      "type": "minecraft:straight_trunk_placer",
      "base_height": 1,
      "height_rand_a": 0,
      "height_rand_b": 0
    },
    "foliage_placer": {
      "type": "minecraft:acacia_foliage_placer",
      "radius": {
        "type": "minecraft:uniform",
          "min_inclusive": 1,
          "max_inclusive": 2
      },
      "offset": {
        "type": "minecraft:weighted_list",
        "distribution": [
          {
            "weight": 10,
            "data": 0
          },
          {
            "weight": 1,
            "data": 1
          }
        ]
      }
    },
    "decorators": []
  }
}
