{
  "type": "minecraft:vegetation_patch",
  "config": {
    "surface": "ceiling",
    "depth": {
      "type": "minecraft:uniform",
        "min_inclusive": 1,
        "max_inclusive": 1
    },
    "vertical_range": 1,
    "extra_bottom_block_chance": 0,
    "extra_edge_column_chance": 0,
    "vegetation_chance": 1,
    "xz_radius": 0,
    "replaceable": "#bro:lush",
    "ground_state": {
      "type": "minecraft:simple_state_provider",
      "state": {
        "Name": "minecraft:moss_block"
      }
    },
    "vegetation_feature": {
      "feature": {
        "type": "minecraft:block_column",
        "config": {
          "direction": "down",
          "allowed_placement": {
            "type": "minecraft:matching_blocks",
            "blocks": [
              "minecraft:air"
            ]
          },
          "prioritize_tip": true,
          "layers": [
            {
              "height": {
                "type": "minecraft:uniform",
                  "min_inclusive": 6,
                  "max_inclusive": 10
              },
              "provider": {
                "type": "minecraft:weighted_state_provider",
                "entries": [
                  {
                    "weight": 1,
                    "data": {
                      "Name": "minecraft:cave_vines",
                      "Properties": {
                        "age": "25",
                        "berries": "true"
                      }
                    }
                  },
                  {
                    "weight": 1,
                    "data": {
                      "Name": "minecraft:cave_vines",
                      "Properties": {
                        "age": "25",
                        "berries": "false"
                      }
                    }
                  }
                ]
              }
            },
            {
              "height": 1,
              "provider": {
                "type": "minecraft:weighted_state_provider",
                "entries": [
                  {
                    "weight": 10,
                    "data": {
                      "Name": "minecraft:air"
                    }
                  },
                  {
                    "weight": 4,
                    "data": {
                      "Name": "minecraft:shroomlight"
                    }
                  },
                  {
                    "weight": 1,
                    "data": {
                      "Name": "minecraft:spore_blossom"
                    }
                  }
                ]
              }
            }
          ]
        }
      },
      "placement": []
    }
  }
}
