{
  "type": "minecraft:random_patch",
  "config": {
    "tries": 60,
    "xz_spread": 2,
    "y_spread": 1,
    "feature": {
      "feature": {
        "type": "minecraft:block_column",
        "config": {
          "direction": "up",
          "allowed_placement": {
            "type": "minecraft:true"
          },
          "prioritize_tip": false,
          "layers": [
            {
              "height": {
                "type": "minecraft:biased_to_bottom",
                  "min_inclusive": 2,
                  "max_inclusive": 6
              },
              "provider": {
                "type": "minecraft:simple_state_provider",
                "state": {
                  "Name": "minecraft:spruce_wood",
                  "Properties": {
                    "axis": "y"
                  }
                }
              }
            }
          ]
        }
      },
      "placement": [
        {
          "type": "minecraft:block_predicate_filter",
          "predicate": {
            "type": "minecraft:all_of",
            "predicates": [
              {
                "type": "minecraft:matching_blocks",
                "offset": [
                  0,
                  -1,
                  0
                ],
                "blocks": [
                  "minecraft:moss_block",
                  "minecraft:clay",
                  "minecraft:spruce_wood",
                  "minecraft:grass_block",
                  "minecraft:dirt"
                ]
              },
              {
                "type": "minecraft:not",
                "predicate": {
                  "type": "minecraft:matching_blocks",
                  "offset": [
                    0,
                    -1,
                    0
                  ],
                  "blocks": [
                    "minecraft:water"
                  ]
                }
              }
            ]
          }
        }
      ]
    }
  }
}
