{
  "type": "minecraft:tree",
  "config": {
    "minimum_size": {
      "type": "minecraft:two_layers_feature_size"
    },
    "dirt_provider": {
      "type": "minecraft:simple_state_provider",
      "state": {
        "Name": "minecraft:dirt"
      }
    },
    "trunk_provider": {
      "type": "minecraft:weighted_state_provider",
      "entries": [
        {
          "weight": 2,
          "data": {
            "Name": "minecraft:spruce_wood",
            "Properties": {
              "axis": "y"
            }
          }
        },
        {
          "weight": 1,
          "data": {
            "Name": "minecraft:stripped_spruce_wood",
            "Properties": {
              "axis": "y"
            }
          }
        }
      ]
    },
    "foliage_provider": {
      "type": "minecraft:weighted_state_provider",
      "entries": [
        {
          "weight": 50,
          "data": {
            "Name": "minecraft:azalea_leaves",
            "Properties": {
              "distance": "7",
              "persistent": "true"
            }
          }
        },
        {
          "weight": 50,
          "data": {
            "Name": "minecraft:flowering_azalea_leaves",
            "Properties": {
              "distance": "7",
              "persistent": "true"
            }
          }
        },
        {
          "weight": 20,
          "data": {
            "Name": "minecraft:moss_block"
          }
        },
        {
          "weight": 30,
          "data": {
            "Name": "minecraft:air"
          }
        },
        {
          "weight": 1,
          "data": {
            "Name": "minecraft:shroomlight"
          }
        }
      ]
    },
    "root_placer": {
      "type": "minecraft:mangrove_root_placer",
      "root_provider": {
        "type": "minecraft:weighted_state_provider",
        "entries": [
          {
            "weight": 1,
            "data": {
              "Name": "minecraft:stripped_spruce_wood",
              "Properties": {
                "axis": "y"
              }
            }
          },
          {
            "weight": 2,
            "data": {
              "Name": "minecraft:spruce_wood",
              "Properties": {
                "axis": "y"
              }
            }
          }
        ]
      },
      "trunk_offset_y": 0,
      "above_root_placement": {
        "above_root_provider": {
          "type": "minecraft:weighted_state_provider",
          "entries": [
            {
              "weight": 1,
              "data": {
                "Name": "minecraft:air"
              }
            },
            {
              "weight": 1,
              "data": {
                "Name": "minecraft:moss_carpet"
              }
            }
          ]
        },
        "above_root_placement_chance": 0
      },
      "mangrove_root_placement": {
        "max_root_width": 1,
        "max_root_length": 1,
        "random_skew_chance": 0,
        "can_grow_through": [
          "minecraft:coarse_dirt"
        ],
        "muddy_roots_in": [
          "minecraft:grass_block"
        ],
        "muddy_roots_provider": {
          "type": "minecraft:weighted_state_provider",
          "entries": [
            {
              "weight": 2,
              "data": {
                "Name": "minecraft:moss_block"
              }
            },
            {
              "weight": 1,
              "data": {
                "Name": "minecraft:stripped_spruce_wood",
                "Properties": {
                  "axis": "x"
                }
              }
            },
            {
              "weight": 1,
              "data": {
                "Name": "minecraft:stripped_spruce_wood",
                "Properties": {
                  "axis": "z"
                }
              }
            },
            {
              "weight": 4,
              "data": {
                "Name": "minecraft:grass_block",
                "Properties": {
                  "snowy": "false"
                }
              }
            }
          ]
        }
      }
    },
    "trunk_placer": {
      "type": "minecraft:bending_trunk_placer",
      "base_height": 18,
      "height_rand_a": 1,
      "height_rand_b": 2,
      "bend_length": {
        "type": "minecraft:uniform",
          "min_inclusive": 1,
          "max_inclusive": 2
      },
      "min_height_for_leaves": 16
    },
    "foliage_placer": {
      "type": "minecraft:acacia_foliage_placer",
      "radius": 3,
      "offset": 2,
      "height": 4
    },
    "decorators": [
      {
        "type": "minecraft:attached_to_leaves",
        "probability": 0.25,
        "exclusion_radius_xz": 1,
        "exclusion_radius_y": 8,
        "required_empty_blocks": 1,
        "block_provider": {
          "type": "minecraft:weighted_state_provider",
          "entries": [
            {
              "weight": 50,
              "data": {
                "Name": "minecraft:flowering_azalea_leaves",
                "Properties": {
                  "distance": "7",
                  "persistent": "true",
                  "waterlogged": "false"
                }
              }
            },
            {
              "weight": 50,
              "data": {
                "Name": "minecraft:azalea_leaves",
                "Properties": {
                  "distance": "7",
                  "persistent": "true",
                  "waterlogged": "false"
                }
              }
            },
            {
              "weight": 20,
              "data": {
                "Name": "minecraft:moss_block"
              }
            },
            {
              "weight": 30,
              "data": {
                "Name": "minecraft:air"
              }
            },
            {
              "weight": 1,
              "data": {
                "Name": "minecraft:shroomlight"
              }
            }
          ]
        },
        "directions": [
          "down"
        ]
      },
      {
        "type": "minecraft:leave_vine",
        "probability": 0.25
      },
      {
        "type": "minecraft:alter_ground",
        "provider": {
          "type": "minecraft:weighted_state_provider",
          "entries": [
            {
              "weight": 8,
              "data": {
                "Name": "minecraft:grass_block",
                "Properties": {
                  "snowy": "false"
                }
              }
            },
            {
              "weight": 4,
              "data": {
                "Name": "minecraft:moss_block"
              }
            },
            {
              "weight": 1,
              "data": {
                "Name": "minecraft:spruce_wood",
                "Properties": {
                  "axis": "x"
                }
              }
            },
            {
              "weight": 1,
              "data": {
                "Name": "minecraft:spruce_wood",
                "Properties": {
                  "axis": "z"
                }
              }
            },
            {
              "weight": 1,
              "data": {
                "Name": "minecraft:stripped_spruce_wood",
                "Properties": {
                  "axis": "z"
                }
              }
            },
            {
              "weight": 1,
              "data": {
                "Name": "minecraft:stripped_spruce_wood",
                "Properties": {
                  "axis": "x"
                }
              }
            }
          ]
        }
      }
    ]
  }
}
