{
  "temperature": -0.3,
  "downfall": 0.9,
  "has_precipitation": true,
  "effects": {
    "sky_color": 13221084,
    "fog_color": 15262695,
    "water_color": 8163755,
    "water_fog_color": 9674921,
    "grass_color": 15334388,
    "foliage_color": 16777215,
    "ambient_sound": "minecraft:ambient.warped_forest.loop",
    "mood_sound": {
      "sound": "minecraft:ambient.warped_forest.mood",
      "tick_delay": 6000,
      "block_search_extent": 8,
      "offset": 2
    },
    "additions_sound": {
      "sound": "minecraft:ambient.warped_forest.additions",
      "tick_chance": 0.0111
    },
    "music": {
      "sound": "minecraft:music.nether.warped_forest",
      "min_delay": 12000,
      "max_delay": 24000,
      "replace_current_music": true
    },
    "particle": {
      "options": {
        "type": "minecraft:white_ash"
      },
      "probability": 0.115
    }
  },
  "spawners": {
    "creature": [
      {
        "type": "minecraft:rabbit",
        "weight": 3,
        "minCount": 2,
        "maxCount": 5
      },
      {
        "type": "minecraft:fox",
        "weight": 2,
        "minCount": 1,
        "maxCount": 4
      },
      {
        "type": "minecraft:chicken",
        "weight": 6,
        "minCount": 3,
        "maxCount": 4
      },
      {
        "type": "minecraft:pig",
        "weight": 10,
        "minCount": 2,
        "maxCount": 3
      },
      {
        "type": "minecraft:llama",
        "weight": 5,
        "minCount": 1,
        "maxCount": 4
      },
      {
        "type": "minecraft:sheep",
        "weight": 8,
        "minCount": 2,
        "maxCount": 3
      }
    ],
    "monster": [
      {
        "type": "minecraft:spider",
        "weight": 12,
        "minCount": 2,
        "maxCount": 3
      },
      {
        "type": "minecraft:creeper",
        "weight": 2,
        "minCount": 1,
        "maxCount": 1
      },
      {
        "type": "minecraft:stray",
        "weight": 30,
        "minCount": 1,
        "maxCount": 2
      },
      {
        "type": "minecraft:zombie",
        "weight": 16,
        "minCount": 1,
        "maxCount": 3
      }
    ],
    "ambient": [],
    "underground_water_creature": [],
    "water_creature": [],
    "water_ambient": [],
    "misc": []
  },
  "spawn_costs": {},
  "carvers": {
    "air": [
      "minecraft:cave",
      "minecraft:cave_extra_underground",
      "minecraft:canyon"
    ]
  },
  "features": [
    [
      "bro:icy/tree_placer1",
      "bro:icy/tall_tree_placer",
      "bro:icy/big_tree_placer",
      "bro:icy/lamp1"
    ],
    [
      "bro:icy/glass_icy",
      "bro:icy/floating_ice",
      "bro:icy/light_icy"
    ],
    [],
    [],
    [
      "minecraft:monster_room",
      "minecraft:monster_room_deep"
    ],
    [],
    [
      "minecraft:ore_gravel",
      "minecraft:ore_andesite_upper",
      "minecraft:ore_andesite_lower",
      "minecraft:ore_tuff",
      "minecraft:ore_coal_upper",
      "minecraft:ore_coal_lower",
      "minecraft:ore_iron_upper",
      "minecraft:ore_iron_middle",
      "minecraft:ore_iron_small",
      "minecraft:ore_gold",
      "minecraft:ore_gold_lower",
      "minecraft:ore_redstone",
      "minecraft:ore_redstone_lower",
      "minecraft:ore_diamond",
      "minecraft:ore_diamond_large",
      "minecraft:ore_diamond_buried",
      "minecraft:ore_lapis",
      "minecraft:ore_lapis_buried",
      "minecraft:ore_copper",
      "minecraft:underwater_magma",
      "minecraft:disk_sand",
      "minecraft:disk_clay",
      "minecraft:disk_gravel"
    ],
    [],
    [
      "minecraft:spring_water",
      "minecraft:patch_tall_grass_2",
      "minecraft:patch_grass_plain",
      "minecraft:glow_lichen",
      "minecraft:brown_mushroom_taiga",
      "minecraft:red_mushroom_taiga",
      "minecraft:patch_sugar_cane",
      "minecraft:patch_pumpkin"
    ],
    [
      "minecraft:freeze_top_layer"
    ]
  ]
}
