{
    "temperature": 0.7,
    "downfall": 0.8,
    "has_precipitation": true,
    "temperature_modifier": "none",
    "effects": {
      "sky_color": 43690,
      "fog_color": 43690,
      "water_color": 5592575,
      "water_fog_color": 2168894,
      "grass_color": 43690,
      "foliage_color": 43690,
      "ambient_sound": "minecraft:ambient.warped_forest.loop",
      "mood_sound": {
        "sound": "minecraft:ambient.crimson_forest.mood",
        "tick_delay": 6000,
        "block_search_extent": 8,
        "offset": 2
      },
      "additions_sound": {
        "sound": "minecraft:ambient.crimson_forest.additions",
        "tick_chance": 0.0111
      },
      "music": {
        "sound": "minecraft:music.nether.crimson_forest",
        "min_delay": 12000,
        "max_delay": 24000,
        "replace_current_music": false
      },
      "particle": {
        "options": {
          "type": "minecraft:enchant"
        },
        "probability": 0.005
      }
    },
    "spawners": {
      "creature": [
        {
          "type": "minecraft:rabbit",
          "weight": 3,
          "minCount": 2,
          "maxCount": 5
        },
        {
          "type": "minecraft:chicken",
          "weight": 6,
          "minCount": 3,
          "maxCount": 4
        },
        {
          "type": "minecraft:pig",
          "weight": 10,
          "minCount": 2,
          "maxCount": 3
        },
        {
          "type": "minecraft:sheep",
          "weight": 8,
          "minCount": 2,
          "maxCount": 3
        }
      ],
      "monster": [
        {
          "type": "minecraft:spider",
          "weight": 12,
          "minCount": 2,
          "maxCount": 3
        },
        {
          "type": "minecraft:creeper",
          "weight": 2,
          "minCount": 1,
          "maxCount": 1
        },
        {
          "type": "minecraft:vindicator",
          "weight": 4,
          "minCount": 1,
          "maxCount": 2
        },
        {
          "type": "minecraft:pillager",
          "weight": 4,
          "minCount": 1,
          "maxCount": 2
        },
        {
          "type": "minecraft:zombie",
          "weight": 16,
          "minCount": 1,
          "maxCount": 3
        }
      ],
      "ambient": [],
      "underground_water_creature": [],
      "water_creature": [],
      "water_ambient": [],
      "misc": []
    },
    "spawn_costs": {},
    "carvers": {
      "air": [
        "minecraft:cave",
        "minecraft:cave_extra_underground",
        "minecraft:canyon"
      ]
    },
    "features": [
      [],
      [],
      [
        "minecraft:monster_room",
        "minecraft:monster_room_deep"
      ],
      [],
      [
        "minecraft:ore_gravel",
        "minecraft:ore_andesite_upper",
        "minecraft:ore_andesite_lower",
        "minecraft:ore_tuff",
        "minecraft:ore_coal_upper",
        "minecraft:ore_coal_lower",
        "minecraft:ore_iron_upper",
        "minecraft:ore_iron_middle",
        "minecraft:ore_iron_small",
        "minecraft:ore_gold",
        "minecraft:ore_gold_lower",
        "minecraft:ore_redstone",
        "minecraft:ore_redstone_lower",
        "minecraft:ore_diamond",
        "minecraft:ore_diamond_large",
        "minecraft:ore_diamond_buried",
        "minecraft:ore_lapis",
        "minecraft:ore_lapis_buried",
        "minecraft:ore_copper",
        "minecraft:underwater_magma",
        "minecraft:disk_sand",
        "minecraft:disk_clay",
        "minecraft:disk_gravel"
      ],
      [
        "bro:forest/mushrooms_placer",
        "bro:forest/pumpkin_placer"
      ],
      [
        "bro:forest/placer_test",
        "bro:forest/placer_two"
      ],
      [
        "bro:forest/fruit",
        "bro:forest/lantern_wip",
        "bro:forest/glass_forest",
        "bro:icy/light_icy"
      ],
      [
        "minecraft:freeze_top_layer"
      ],
      [
        "minecraft:spring_water",
        "minecraft:patch_tall_grass_2",
        "minecraft:patch_grass_plain",
        "minecraft:patch_waterlily"
      ]
    ]
  }
  