{
  "temperature": 0.95,
  "downfall": 0.5,
  "has_precipitation": true,
  "temperature_modifier": "none",
  "effects": {
    "sky_color": 57855,
    "fog_color": 46079,
    "water_color": 57855,
    "water_fog_color": 49151,
    "grass_color": 11206400,
    "foliage_color": 11206400,
    "ambient_sound": "minecraft:ambient.warped_forest.loop",
    "mood_sound": {
      "sound": "minecraft:ambient.warped_forest.mood",
      "tick_delay": 6000,
      "block_search_extent": 8,
      "offset": 2
    },
    "additions_sound": {
      "sound": "minecraft:ambient.warped_forest.additions",
      "tick_chance": 0.0111
    },
    "music": {
      "sound": "minecraft:music.nether.warped_forest",
      "min_delay": 12000,
      "max_delay": 24000,
      "replace_current_music": false
    },
    "particle": {
      "options": {
        "type": "minecraft:bubble_pop"
      },
      "probability": 0.005
    }
  },
  "spawners": {
    "monster": [
      {
        "type": "minecraft:spider",
        "weight": 100,
        "minCount": 4,
        "maxCount": 4
      },
      {
        "type": "minecraft:zombie",
        "weight": 95,
        "minCount": 4,
        "maxCount": 4
      },
      {
        "type": "minecraft:zombie_villager",
        "weight": 5,
        "minCount": 1,
        "maxCount": 1
      },
      {
        "type": "minecraft:skeleton",
        "weight": 100,
        "minCount": 4,
        "maxCount": 4
      },
      {
        "type": "minecraft:creeper",
        "weight": 100,
        "minCount": 4,
        "maxCount": 4
      },
      {
        "type": "minecraft:slime",
        "weight": 100,
        "minCount": 4,
        "maxCount": 4
      },
      {
        "type": "minecraft:enderman",
        "weight": 10,
        "minCount": 1,
        "maxCount": 4
      },
      {
        "type": "minecraft:witch",
        "weight": 5,
        "minCount": 1,
        "maxCount": 1
      }
    ],
    "creature": [],
    "ambient": [
      {
        "type": "minecraft:bat",
        "weight": 10,
        "minCount": 8,
        "maxCount": 8
      }
    ],
    "water_creature": [
      {
        "type": "minecraft:squid",
        "weight": 10,
        "minCount": 4,
        "maxCount": 4
      },
      {
        "type": "minecraft:dolphin",
        "weight": 2,
        "minCount": 1,
        "maxCount": 2
      }
    ],
    "water_ambient": [
      {
        "type": "minecraft:pufferfish",
        "weight": 15,
        "minCount": 1,
        "maxCount": 3
      },
      {
        "type": "minecraft:tropical_fish",
        "weight": 25,
        "minCount": 8,
        "maxCount": 8
      }
    ],
    "misc": []
  },
  "spawn_costs": {},
  "carvers": {
    "air": [
      "minecraft:cave",
      "minecraft:cave_extra_underground",
      "minecraft:canyon"
    ]
  },
  "features": [
    [
      "minecraft:warm_ocean_vegetation",
      "minecraft:seagrass_warm",
      "minecraft:kelp_warm"
    ],
    [
      "bro:oceans/coral_trees/coral_discs",
      "bro:oceans/tube",
      "bro:oceans/brain",
      "bro:oceans/bubble",
      "bro:oceans/fire",
      "bro:oceans/horn",
      "bro:oceans/coral_tre",
      "bro:oceans/pickles",
      "bro:oceans/coral_trees/dead_coral_selector",
      "bro:oceans/dead_fan"
    ],
    [
      "bro:icy/glass_icy",
      "bro:icy/light_icy",
      "bro:mountain/valley/glass_valley1",
      "bro:mountain/valley/glass_valley2",
      "bro:oceans/verdant_frog"
    ],
    [
      "bro:cave/jungle_vines",
      "bro:oceans/weird_grass"
    ],
    [
      "minecraft:amethyst_geode"
    ],
    [
      "minecraft:monster_room",
      "minecraft:monster_room_deep"
    ],
    [],
    [
      "minecraft:ore_gravel",
      "minecraft:ore_andesite_upper",
      "minecraft:ore_andesite_lower",
      "minecraft:ore_tuff",
      "minecraft:ore_coal_upper",
      "minecraft:ore_coal_lower",
      "minecraft:ore_iron_upper",
      "minecraft:ore_iron_middle",
      "minecraft:ore_iron_small",
      "minecraft:ore_gold",
      "minecraft:ore_gold_lower",
      "minecraft:ore_redstone",
      "minecraft:ore_redstone_lower",
      "minecraft:ore_diamond",
      "minecraft:ore_diamond_large",
      "minecraft:ore_diamond_buried",
      "minecraft:ore_lapis",
      "minecraft:ore_lapis_buried",
      "minecraft:ore_copper"
    ],
    [
      "minecraft:spring_water",
      "minecraft:patch_tall_grass_2",
      "minecraft:patch_grass_plain"
    ],
    []
  ]
}
