{
  "type": "minecraft:random_patch",
  "config": {
    "tries": 4,
    "xz_spread": 7,
    "y_spread": 3,
    "feature": {
      "feature": {
        "type": "minecraft:simple_block",
        "config": {
          "to_place": {
            "state": {
              "Name": "minecraft:brain_coral",
              "Properties": {
                "waterlogged": "true"
              }
            },
            "type": "minecraft:simple_state_provider"
          }
        }
      },
      "placement": [
        {
          "type": "minecraft:block_predicate_filter",
          "predicate": {
            "type": "minecraft:all_of",
            "predicates": [
              {
                "type": "minecraft:matching_blocks",
                "offset": [
                  0,
                  -1,
                  0
                ],
                "blocks": [
                  "minecraft:snow_block",
                  "minecraft:brain_coral_block",
                  "minecraft:soul_sand"
                ]
              }
            ]
          }
        }
      ]
    }
  }
}
