{
  "type": "minecraft:random_patch",
  "config": {
    "tries": 25,
    "xz_spread": 0,
    "y_spread": 0,
    "feature": {
      "feature": {
        "type": "minecraft:block_column",
        "config": {
          "direction": "up",
          "allowed_placement": {
            "type": "minecraft:true"
          },
          "prioritize_tip": false,
          "layers": [
            {
              "height": {
                "type": "minecraft:biased_to_bottom",
                  "min_inclusive": 20,
                  "max_inclusive": 40
              },
              "provider": {
                "state": {
                  "Name": "minecraft:kelp_plant"
                },
                "type": "minecraft:simple_state_provider"
              }
            }
          ]
        }
      },
      "placement": [
        {
          "type": "minecraft:block_predicate_filter",
          "predicate": {
            "type": "minecraft:all_of",
            "predicates": []
          }
        }
      ]
    }
  }
}
