{
    "type": "minecraft:tree",
    "config": {
      "ignore_vines": true,
      "force_dirt": false,
      "minimum_size": {
        "type": "minecraft:two_layers_feature_size"
      },
      "dirt_provider": {
        "type": "minecraft:simple_state_provider",
        "state": {
          "Name": "minecraft:moss_block"
        }
      },
      "trunk_provider": {
        "type": "minecraft:weighted_state_provider",
        "entries": [
          {
            "weight": 1,
            "data": {
              "Name": "minecraft:cave_vines_plant",
              "Properties": {
                "berries": "true"
              }
            }
          },
          {
            "weight": 2,
            "data": {
              "Name": "minecraft:cave_vines_plant",
              "Properties": {
                "berries": "false"
              }
            }
          }
        ]
      },
      "foliage_provider": {
        "type": "minecraft:weighted_state_provider",
        "entries": [
          {
            "weight": 1,
            "data": {
              "Name": "minecraft:shroomlight"
            }
          },
          {
            "weight": 1,
            "data": {
              "Name": "minecraft:moss_block"
            }
          }
        ]
      },
      "trunk_placer": {
        "type": "minecraft:straight_trunk_placer",
        "base_height": 1,
        "height_rand_a": 1,
        "height_rand_b": 2
      },
      "foliage_placer": {
        "type": "minecraft:fancy_foliage_placer",
        "radius": 1,
        "offset": 0,
        "height": 0
      },
      "decorators": []
    }
  }
  